PatientGender,PatientAge,PatientRegion,Doctor consulted,Department,Case description,Severity,Bill,Insurance,Final bill,In date,Out date
Male,30.0,Hyderabad,Sandeep,General,General Medical Checkup,moderate,35.88,11.875,24.0,,
Female,30.0,Hyderabad,Sridhar,General,"Injury, unspecified",moderate,52.2,14.2,38.0,,
Male,30.0,Hyderabad,Kapil,General,"Injury, unspecified",moderate,52.2,0.0,37.0,,
Female,30.0,Hyderabad,Sandeep,General,"Injury, unspecified",moderate,42.18,14.175,28.0,,
Male,30.0,Hyderabad,Sridhar,General,"Injury, unspecified",moderate,126.53,42.525,84.0,,
Female,47.0,Warangal,Sunitha,Obstetrics,Fever,moderate,423.0,18.0,405.0,,
Male,60.0,Khammam,Arun,Obstetrics,Fever,moderate,134.0,5.0,129.0,,
Male,76.0,Karimnagar,Rakesh,Orthopedics,Fracture,emergency,141.0,26.0,0.0,,
Male,5.0,Nalgonda,Ganesh,Pediatrics,Fever,moderate,20.6,3.6,17.0,,
Female,12.0,Nalgonda,Harish,Pediatrics,Fever,moderate,34.33,5.333333333,29.0,,
Male,30.0,Hyderabad,Kapil,General,"Injury, unspecified",moderate,43.54,17.53571429,26.0,,
Male,30.0,Hyderabad,Mahesh,Radiology,"Injury, unspecified",moderate,21.77,9.767857143,12.0,,
Female,10.0,Suryapet,Ganesh,Pediatrics,Fever,moderate,282.0,43.0,0.0,,
Male,62.0,Siricilla,amrutha,Obstetrics,General Medical Checkup,emergency,541.8,106.8,435.0,,
Male,45.0,Karimnagar,Sonam,Obstetrics,General Medical Checkup,moderate,722.4,101.0,0.0,,
Female,28.0,Siricilla,Sunitha,Obstetrics,Pregnancy,moderate,141.0,27.0,114.0,,
Male,30.0,Hyderabad,Mahesh,Radiology,"Injury, unspecified",moderate,91.94,10.0,0.0,,
Female,30.0,Hyderabad,Mahesh,Radiology,"Injury, unspecified",moderate,137.91,9.0,0.0,,
Male,0.0,Khammam,Ganesh,Pediatrics,Fever,moderate,2422.0,175.0,2247.0,,
Male,30.0,Kamareddy,aditya,Orthopedics,General Medical Checkup,moderate,1250.14,167.0,0.0,,
Female,30.0,Kamareddy,Rakesh,Orthopedics,General Medical Checkup,moderate,2500.29,72.28571429,2428.0,,
Male,13.0,Nalgonda,Harish,Pediatrics,Fever,moderate,135.33,27.0,0.0,,
Female,4.0,Nalgonda,Ganesh,Pediatrics,Fever,moderate,81.2,12.0,0.0,,
Male,30.0,Hyderabad,Sandeep,General,"Injury, unspecified",moderate,455.83,40.0,0.0,,
Male,30.0,Hyderabad,Mahesh,Radiology,"Injury, unspecified",moderate,455.83,0.0,258.0,,
Female,38.0,Sangareddy,ridhi shah,Urology,General Medical Checkup,moderate,722.4,75.0,0.0,,
Male,30.0,Hyderabad,Sridhar,General,"Injury, unspecified",moderate,82.84,27.84375,55.0,,
Male,30.0,Hyderabad,Kapil,General,"Injury, unspecified",moderate,82.84,11.0,0.0,,
Male,30.0,Hyderabad,Sandeep,General,"Injury, unspecified",moderate,37.7,2.0,0.0,,
Female,30.0,Hyderabad,Sridhar,General,"Injury, unspecified",moderate,37.7,2.0,0.0,,
Female,40.0,Hyderabad,Rakesh,Orthopedics,General Medical Checkup,moderate,141.0,0.0,127.0,,
Female,7.0,Hyderabad,mani,Dermatology,General Medical Checkup,moderate,252.67,38.66666667,214.0,,
Male,2.0,Nalgonda,Harish,Pediatrics,Fever,moderate,17.33,3.333333333,14.0,,
Female,1.0,Nalgonda,Ganesh,Pediatrics,Fever,moderate,17.33,3.333333333,14.0,,
Male,89.0,Khammam,aditya,Orthopedics,General Medical Checkup,emergency,423.0,0.0,412.0,,
Female,16.0,Nalgonda,Mahesh,Radiology,General Medical Checkup,moderate,5.2,0.2,5.0,,
Male,16.0,Nalgonda,Mahesh,Radiology,General Medical Checkup,moderate,5.2,0.2,5.0,,
Female,31.0,Hyderabad,Sunitha,Obstetrics,Pregnancy,moderate,50.25,0.25,50.0,,
Female,28.0,Hyderabad,Sonam,Obstetrics,Pregnancy,moderate,67.0,5.0,0.0,,
Male,9.0,Narayanpet,Ganesh,Pediatrics,General Medical Checkup,moderate,462.0,0.0,452.0,,
Male,71.0,Nalgonda,Sridhar,General,General Medical Checkup,emergency,722.4,137.0,0.0,,
Male,15.0,Kamareddy,Harish,Pediatrics,General Medical Checkup,moderate,361.2,27.0,0.0,,
Female,27.0,Sangareddy,amrutha,Obstetrics,Pregnancy,moderate,103.2,26.2,77.0,,
Female,24.0,Kamareddy,Sonam,Obstetrics,Pregnancy,moderate,22.67,2.0,0.0,,
Female,24.0,Kamareddy,Sunitha,Obstetrics,Pregnancy,moderate,34.0,3.0,0.0,,
Female,29.0,Kamareddy,Arun,Obstetrics,Pregnancy,moderate,134.0,25.0,0.0,,
Male,2.0,Hyderabad,Sridhar,General,"Injury, unspecified",moderate,227.0,0.0,70.0,,
Female,2.0,Hyderabad,Kapil,General,"Injury, unspecified",moderate,113.5,0.0,63.0,,
Male,55.0,Gajwel,Sandeep,General,"Injury, unspecified",moderate,26.91,9.90625,17.0,,
Male,55.0,Gajwel,Sridhar,General,"Injury, unspecified",moderate,17.94,3.0,0.0,,
Male,2.0,Hyderabad,Kapil,General,"Injury, unspecified",moderate,104.14,0.0,43.0,,
Male,2.0,Hyderabad,Sandeep,General,"Injury, unspecified",moderate,138.3,87.8571423,51.0,,
Female,23.0,Karimnagar,Sunitha,Obstetrics,Pregnancy,moderate,273.5,26.5,247.0,,
Female,23.0,Karimnagar,Sonam,Obstetrics,Pregnancy,moderate,273.5,0.0,273.0,,
Male,43.0,Hyderabad,amrutha,Obstetrics,Fever,moderate,123.0,13.0,0.0,,
Male,43.0,Hyderabad,Arun,Obstetrics,Fever,moderate,98.4,19.4,79.0,,
Female,32.0,Kamareddy,Sonam,Obstetrics,Pregnancy,moderate,176.56,0.0,172.0,,
Female,31.0,Kamareddy,Sunitha,Obstetrics,Pregnancy,moderate,132.42,7.416666667,125.0,,
Female,12.0,Karimnagar,ridhi shah,Urology,Chronic kidney disease,moderate,134.0,8.0,0.0,,
Female,22.0,Karimnagar,Sandeep,General,Pregnancy,moderate,4.22,0.220588235,4.0,,
Female,22.0,Karimnagar,Sridhar,General,Pregnancy,moderate,4.22,1.0,0.0,,
Male,55.0,Gajwel,Mahesh,Radiology,"Injury, unspecified",moderate,192.17,30.0,0.0,,
Male,55.0,Gajwel,Kapil,General,"Injury, unspecified",moderate,48.04,14.04166667,34.0,,
Female,88.0,Sangareddy,ridhi shah,Urology,Chronic kidney disease,emergency,27.07,0.0,25.0,,
Male,88.0,Sangareddy,ridhi shah,Urology,Chronic kidney disease,emergency,81.2,7.0,0.0,,
Female,88.0,Sangareddy,ridhi shah,Urology,Chronic kidney disease,emergency,67.2,4.0,0.0,,
Male,88.0,Sangareddy,ridhi shah,Urology,Chronic kidney disease,emergency,89.6,0.0,84.0,,
Female,21.0,Hyderabad,Arun,Obstetrics,Pregnancy,moderate,13.33,5.333333333,8.0,,
Female,21.0,Hyderabad,Kapil,General,Pregnancy,moderate,13.33,4.333333333,9.0,,
Female,23.0,Siricilla,ridhi shah,Urology,Chronic kidney disease,moderate,423.0,35.0,388.0,,
Female,36.0,Kamareddy,ridhi shah,Urology,Chronic kidney disease,moderate,282.0,16.0,266.0,,
Female,43.0,Hyderabad,amrutha,Obstetrics,Fever,moderate,81.2,12.2,69.0,,
Female,13.0,Hyderabad,aditya,Pediatrics,Fever,moderate,108.27,11.0,0.0,,
Male,26.0,Nalgonda,ridhi shah,Urology,Chronic kidney disease,moderate,141.0,5.0,136.0,,
Female,24.0,Hyderabad,amrutha,Obstetrics,Pregnancy,moderate,59.5,25.5,34.0,,
Female,24.0,Hyderabad,Sunitha,Obstetrics,Pregnancy,moderate,14.88,3.875,11.0,,
Male,79.0,Warangal,ridhi shah,Urology,Chronic kidney disease,emergency,61.73,20.725,41.0,,
Female,79.0,Warangal,ridhi shah,Urology,Chronic kidney disease,emergency,20.58,3.0,0.0,,
Male,49.0,Karimnagar,Sandeep,General,General Medical Checkup,moderate,903.0,41.0,302.0,,
Female,40.0,Hyderabad,Sunitha,Obstetrics,General Medical Checkup,moderate,541.8,20.8,521.0,,
Male,31.0,Kamareddy,Mahesh,Radiology,"Injury, unspecified",moderate,121.5,0.5,121.0,,
Female,31.0,Kamareddy,Kapil,General,"Injury, unspecified",moderate,91.13,6.0,0.0,,
Male,18.0,Siricilla,Lata,Psychiatry,Anxiety,moderate,361.2,52.0,0.0,,
Female,55.0,Khammam,ridhi shah,Urology,Chronic kidney disease,moderate,36.22,0.21875,36.0,,
Male,55.0,Khammam,ridhi shah,Urology,Chronic kidney disease,moderate,108.66,17.0,0.0,,
Female,25.0,Nalgonda,ridhi shah,Urology,Chronic kidney disease,moderate,60.75,19.75,41.0,,
Male,25.0,Nalgonda,ridhi shah,Urology,Chronic kidney disease,moderate,91.13,13.0,0.0,,
Female,15.0,Siricilla,ridhi shah,Urology,Chronic kidney disease,moderate,722.4,52.4,670.0,,
Male,35.0,Sangareddy,ridhi shah,Urology,Chronic kidney disease,moderate,480.6,93.0,0.0,,
Female,16.0,Nalgonda,Mahesh,Radiology,General Medical Checkup,moderate,63.1,4.0,0.0,,
Male,16.0,Nalgonda,Sandeep,General,General Medical Checkup,moderate,31.55,5.0,0.0,,
Female,11.0,Hyderabad,Ganesh,Pediatrics,Fever,moderate,22.98,3.977272727,19.0,,
Male,43.0,Hyderabad,Harish,Pediatrics,Fever,moderate,15.32,2.318181818,13.0,,
Female,85.0,Siricilla,Rakesh,Orthopedics,General Medical Checkup,emergency,423.0,41.0,0.0,,
Male,12.0,Karimnagar,Ganesh,Pediatrics,Fever,moderate,119.18,1.175,118.0,,
Female,14.0,Karimnagar,Harish,Pediatrics,Fever,moderate,158.9,11.0,0.0,,
Male,2.0,Hyderabad,Sridhar,General,"Injury, unspecified",moderate,180.14,97.14285714,83.0,,
Female,2.0,Hyderabad,Kapil,General,"Injury, unspecified",moderate,135.11,16.0,0.0,,
Female,27.0,Sangareddy,Sunitha,Obstetrics,Pregnancy,moderate,82.4,11.0,0.0,,
Male,21.0,Nalgonda,ridhi shah,Urology,Chronic kidney disease,moderate,113.5,0.0,109.0,,
Male,21.0,Nalgonda,ridhi shah,Urology,Chronic kidney disease,moderate,113.5,17.0,0.0,,
Female,31.0,Kamareddy,Mahesh,Radiology,"Injury, unspecified",moderate,35.88,0.0,33.0,,
Male,31.0,Kamareddy,Sandeep,General,"Injury, unspecified",moderate,8.97,-0.03125,9.0,,
Male,89.0,Gajwel,ridhi shah,Urology,Chronic kidney disease,emergency,722.4,567.4,155.0,,
Female,5.0,Kamareddy,Sonam,Obstetrics,General Medical Checkup,moderate,722.4,9.4,713.0,,
Male,7.0,Khammam,ridhi shah,Urology,General Medical Checkup,moderate,640.8,28.8,612.0,,
Female,79.0,Warangal,ridhi shah,Urology,Chronic kidney disease,emergency,88.28,6.0,0.0,,
Male,79.0,Warangal,ridhi shah,Urology,Chronic kidney disease,emergency,88.28,39.27777778,49.0,,
Male,0.0,Kamareddy,ridhi shah,Urology,Chronic kidney disease,moderate,605.4,40.0,0.0,,
Female,7.0,Hyderabad,Mahesh,Radiology,General Medical Checkup,moderate,640.8,11.8,629.0,,
Male,17.0,Nalgonda,ridhi shah,Urology,Chronic kidney disease,moderate,95.23,6.0,0.0,,
Male,17.0,Nalgonda,ridhi shah,Urology,Chronic kidney disease,moderate,47.62,4.615384615,43.0,,
Female,4.0,Warangal,Sandeep,General,Fever,moderate,308.0,27.0,0.0,,
Male,88.0,Sangareddy,ridhi shah,Urology,Chronic kidney disease,emergency,6.56,0.5625,6.0,,
Male,88.0,Sangareddy,ridhi shah,Urology,Chronic kidney disease,emergency,6.56,1.0,0.0,,
Female,88.0,Nalgonda,Sridhar,General,Fever,emergency,154.0,2.0,152.0,,
Male,0.0,Karimnagar,Kapil,General,Fever,moderate,180.6,0.0,168.0,,
Male,9.0,Karimnagar,Sandeep,General,Fever,moderate,7.41,1.0,0.0,,
Female,9.0,Karimnagar,Sridhar,General,Fever,moderate,7.41,1.0,0.0,,
Female,20.0,Hyderabad,Sunitha,Obstetrics,Pregnancy,moderate,119.18,40.175,79.0,,
Female,30.0,Hyderabad,Sunitha,Obstetrics,Pregnancy,moderate,39.73,0.0,23.0,,
Male,3.0,Suryapet,Ganesh,Pediatrics,Fever,moderate,282.0,48.0,0.0,,
Female,79.0,Warangal,Kapil,General,Fever,emergency,34.17,0.0,23.0,,
Male,79.0,Warangal,Sandeep,General,Fever,emergency,68.33,20.33333333,48.0,,
Female,26.0,Hyderabad,Sunitha,Obstetrics,Pregnancy,moderate,59.04,6.0,0.0,,
Female,26.0,Hyderabad,Sonam,Obstetrics,Pregnancy,moderate,29.52,2.52,27.0,,
Male,9.0,Karimnagar,Sandeep,General,Fever,moderate,44.14,19.13888889,25.0,,
Female,9.0,Karimnagar,Sridhar,General,Fever,moderate,132.42,59.41666667,73.0,,
Male,60.0,Karimnagar,Kapil,General,Fever,moderate,104.5,3.5,101.0,,
Female,60.0,Karimnagar,Sandeep,General,Fever,moderate,156.75,2.75,154.0,,
Male,33.0,Kamareddy,ridhi shah,Urology,Chronic kidney disease,moderate,423.0,34.0,389.0,,
Male,26.0,Siricilla,Sridhar,General,Fever,moderate,320.4,21.4,299.0,,
Female,85.0,Narayanpet,amrutha,Obstetrics,General Medical Checkup,emergency,180.6,12.0,0.0,,
Male,2.0,Hyderabad,Kapil,General,"Injury, unspecified",moderate,32.48,1.48,31.0,,
Female,27.0,Hyderabad,amrutha,Obstetrics,Pregnancy,moderate,32.48,3.0,0.0,,
Male,16.0,Nalgonda,Mahesh,Radiology,General Medical Checkup,moderate,79.45,0.45,79.0,,
Male,16.0,Nalgonda,Kapil,General,General Medical Checkup,moderate,119.18,0.0,116.0,,
Female,0.0,Kamareddy,Kapil,General,Fever,moderate,801.0,0.0,770.0,,
Male,2.0,Kamareddy,Ganesh,Pediatrics,General Medical Checkup,moderate,320.4,0.0,299.0,,
Male,5.0,Karimnagar,Harish,Pediatrics,General Medical Checkup,moderate,640.8,50.8,590.0,,
Female,22.0,Karimnagar,amrutha,Obstetrics,Pregnancy,moderate,58.0,2.0,56.0,,
Female,30.0,Suryapet,Sonam,Obstetrics,Pregnancy,moderate,31.6,2.0,0.0,,
Male,85.0,Karimnagar,Kapil,General,Fever,emergency,205.67,13.0,0.0,,
Female,32.0,Karimnagar,Arun,Obstetrics,Pregnancy,moderate,12.34,2.0,0.0,,
Male,39.0,Nalgonda,Sandeep,General,Fever,moderate,98.4,17.4,81.0,,
Male,25.0,Narayanpet,Sandeep,General,General Medical Checkup,moderate,89.6,0.0,76.0,,
Male,25.0,Narayanpet,Sunitha,Obstetrics,General Medical Checkup,moderate,54.13,3.0,0.0,,
Female,30.0,Suryapet,Arun,Obstetrics,Pregnancy,moderate,41.2,0.0,33.0,,
Female,23.0,Warangal,Arun,Obstetrics,Pregnancy,moderate,132.42,10.0,0.0,,
Female,22.0,Karimnagar,Sonam,Obstetrics,Pregnancy,moderate,5.92,0.0,6.0,,
Male,7.0,Suryapet,Harish,Pediatrics,General Medical Checkup,moderate,31.6,2.0,0.0,,
Male,6.0,Nalgonda,Harish,Pediatrics,Fever,moderate,216.53,0.0,183.0,,
Female,21.0,Karimnagar,Arun,Obstetrics,Pregnancy,moderate,52.71,3.714285714,49.0,,
Male,4.0,Hyderabad,Ganesh,Pediatrics,Fever,moderate,270.67,49.66666667,221.0,,
Female,23.0,Siricilla,Arun,Obstetrics,Pregnancy,moderate,69.45,6.0,0.0,,
Male,60.0,Kamareddy,Mahesh,Radiology,Fever,moderate,127.75,9.0,0.0,,
Female,9.0,Narayanpet,Rakesh,Orthopedics,Fracture,moderate,79.0,13.0,0.0,,
Male,50.0,Narayanpet,Sridhar,General,Fever,moderate,196.67,0.0,161.0,,
Male,16.0,Kamareddy,Kapil,General,Fever,moderate,40.79,13.79166667,27.0,,
Female,27.0,Siricilla,amrutha,Obstetrics,Pregnancy,moderate,16.85,0.85,16.0,,
Male,73.0,Gajwel,Sandeep,General,General Medical Checkup,emergency,79.0,14.0,65.0,,
Female,32.0,Siricilla,Sonam,Obstetrics,Pregnancy,moderate,72.18,9.0,0.0,,
Male,16.0,Kamareddy,Sandeep,General,Fever,moderate,45.33,12.33333333,33.0,,
Female,73.0,Gajwel,Sridhar,General,General Medical Checkup,emergency,98.4,6.0,0.0,,
Male,10.0,Nalgonda,Kapil,General,Fever,moderate,30.67,11.66666667,19.0,,
Female,9.0,Narayanpet,Kapil,General,Fever,moderate,179.2,0.0,149.0,,
Male,41.0,Suryapet,Mahesh,Radiology,General Medical Checkup,moderate,196.8,31.8,165.0,,
Female,7.0,Suryapet,Harish,Pediatrics,General Medical Checkup,moderate,246.0,22.0,0.0,,
Female,32.0,Karimnagar,Sonam,Obstetrics,Pregnancy,moderate,69.26,7.0,0.0,,
Male,38.0,Gajwel,Sandeep,General,Fever,moderate,321.0,35.0,0.0,,
Female,27.0,Siricilla,amrutha,Obstetrics,Pregnancy,moderate,32.8,0.8,32.0,,
Male,42.0,Gajwel,Sridhar,General,Fever,moderate,132.42,7.0,0.0,,
Female,74.0,Kamareddy,vikrant,Dermatology,Skin related,emergency,248.36,15.0,0.0,,
Male,4.0,Hyderabad,Ganesh,Pediatrics,Fever,moderate,54.93,9.933333333,45.0,,
Female,24.0,Siricilla,Sunitha,Obstetrics,Pregnancy,moderate,39.25,0.0,39.0,,
Male,16.0,Kamareddy,Kapil,General,Fever,moderate,137.13,10.0,0.0,,
Female,17.0,Khammam,vikrant,Dermatology,Skin related,moderate,8.04,3.04,5.0,,
Male,41.0,Suryapet,ridhi shah,Urology,General Medical Checkup,moderate,216.53,37.53333333,179.0,,
Female,70.0,Narayanpet,Sridhar,General,"Injury, unspecified",emergency,64.96,12.96,52.0,,
Male,31.0,Kamareddy,Mahesh,Radiology,"Injury, unspecified",moderate,8.97,1.0,0.0,,
Female,42.0,Gajwel,Sandeep,General,Fever,moderate,22.22,7.222222222,15.0,,
Male,59.0,Nalgonda,amrutha,Obstetrics,General Medical Checkup,moderate,54.14,3.142857143,51.0,,
Female,70.0,Narayanpet,Sridhar,General,"Injury, unspecified",emergency,26.88,5.0,0.0,,
Male,31.0,Karimnagar,mani,Dermatology,Skin related,moderate,21.57,2.0,0.0,,
Female,31.0,Karimnagar,mani,Dermatology,Skin related,moderate,106.67,20.66666667,30.0,,
Male,59.0,Nalgonda,vikrant,Dermatology,Skin related,moderate,11.83,0.833333333,11.0,,
Female,10.0,Nalgonda,Sandeep,General,Fever,moderate,1038.29,207.0,0.0,,
Male,85.0,Karimnagar,Sridhar,General,Fever,emergency,99.5,16.5,83.0,,
Female,45.0,Narayanpet,vikrant,Dermatology,Skin related,moderate,19.54,8.538461538,11.0,,
Male,4.0,Sangareddy,mani,Dermatology,Skin related,moderate,11.33,1.333333333,10.0,,
Female,47.0,Kamareddy,mani,Dermatology,Skin related,moderate,32.48,2.48,30.0,,
Male,47.0,Kamareddy,mani,Dermatology,Skin related,moderate,59.04,4.0,0.0,,
Female,4.0,Sangareddy,vikrant,Dermatology,Skin related,moderate,106.67,20.66666667,30.0,,
Male,89.0,Narayanpet,amrutha,Obstetrics,General Medical Checkup,emergency,28.44,0.44,28.0,,
Female,59.0,Nalgonda,amrutha,Obstetrics,General Medical Checkup,moderate,147.6,0.0,141.0,,
Male,13.0,Warangal,ridhi shah,Urology,Chronic kidney disease,moderate,33.33,6.333333333,27.0,,
Female,60.0,Karimnagar,mani,Dermatology,Skin related,moderate,132.81,25.0,0.0,,
Male,4.0,Sangareddy,mani,Dermatology,Skin related,moderate,17.75,2.75,15.0,,
Female,29.0,Narayanpet,Sunitha,Obstetrics,Pregnancy,moderate,27.3,1.857142857,26.0,,
Female,29.0,Nalgonda,Arun,Obstetrics,Pregnancy,moderate,9.48,1.0,0.0,,
Female,31.0,Nalgonda,Sonam,Obstetrics,Pregnancy,moderate,14.81,7.807692308,7.0,,
Male,23.0,Siricilla,vikrant,Dermatology,Skin related,moderate,11.33,1.333333333,10.0,,
Male,89.0,Narayanpet,Kapil,General,General Medical Checkup,emergency,88.56,3.56,85.0,,
Female,47.0,Kamareddy,vikrant,Dermatology,Skin related,moderate,12.0,0.0,12.0,,
Male,12.0,Sangareddy,mani,Dermatology,Skin related,moderate,11.07,1.074074074,10.0,,
Female,89.0,Gajwel,ridhi shah,Urology,Chronic kidney disease,emergency,12.35,2.0,0.0,,
Male,31.0,Kamareddy,Mahesh,Radiology,"Injury, unspecified",moderate,91.13,17.125,74.0,,
Female,35.0,Narayanpet,Sonam,Obstetrics,Pregnancy,moderate,65.0,13.0,0.0,,
Male,88.0,Sangareddy,vikrant,Dermatology,Skin related,emergency,202.3,34.0,0.0,,
Male,4.0,Sangareddy,mani,Dermatology,Skin related,moderate,24.6,2.0,0.0,,
Female,66.0,Kamareddy,mani,Dermatology,Skin related,emergency,585.43,90.42857143,495.0,,
Male,84.0,Sangareddy,ridhi shah,Urology,Chronic kidney disease,emergency,43.76,0.0,35.0,,
Female,4.0,Sangareddy,vikrant,Dermatology,Skin related,moderate,108.27,14.0,0.0,,
Male,59.0,Nalgonda,Sunitha,Obstetrics,Skin related,moderate,30.48,2.476190476,28.0,,
Male,69.0,Narayanpet,Arun,Obstetrics,Skin related,emergency,180.6,10.6,170.0,,
Female,57.0,Kamareddy,amrutha,Obstetrics,Skin related,moderate,141.0,22.0,119.0,,
Female,30.0,Gajwel,Sonam,Obstetrics,Pregnancy,moderate,640.8,48.8,592.0,,
Female,26.0,Siricilla,Sunitha,Obstetrics,Pregnancy,moderate,8.88,0.0,8.0,,
Female,26.0,Siricilla,Sridhar,Obstetrics,Pregnancy,moderate,35.53,1.533333333,34.0,,
Male,59.0,Nalgonda,vikrant,Dermatology,Skin related,moderate,282.0,24.0,0.0,,
Female,26.0,Siricilla,amrutha,Obstetrics,Pregnancy,moderate,17.77,0.0,16.0,,
Male,26.0,Warangal,mani,Dermatology,Skin related,moderate,903.0,83.0,820.0,,
Female,15.0,Warangal,Sonam,Obstetrics,Pregnancy,moderate,197.61,0.0,115.0,,
Male,15.0,Khammam,Lata,Psychiatry,Anxiety,moderate,97.44,9.0,0.0,,
Female,26.0,Siricilla,Sunitha,Obstetrics,Pregnancy,moderate,70.67,0.666666667,70.0,,
Male,84.0,Sangareddy,vikrant,Dermatology,Skin related,emergency,28.24,22.23529412,6.0,,
Male,68.0,Kamareddy,aditya,Orthopedics,Fracture,emergency,399.17,8.166666667,391.0,,
Female,15.0,Khammam,Lata,Psychiatry,Anxiety,moderate,31.61,2.607142857,29.0,,
Female,61.0,Siricilla,aditya,Orthopedics,Fracture,emergency,1005.75,61.75,944.0,,
Female,50.0,Narayanpet,ridhi shah,Urology,General Medical Checkup,moderate,722.4,127.0,0.0,,
Male,55.0,Karimnagar,aditya,Orthopedics,Fracture,moderate,141.0,28.0,113.0,,
Male,64.0,Narayanpet,Rakesh,Orthopedics,Fracture,emergency,541.8,0.0,519.0,,
Female,75.0,Warangal,ridhi shah,Urology,Chronic kidney disease,emergency,423.0,68.0,0.0,,
Male,68.0,Kamareddy,Mahesh,Radiology,Fracture,emergency,127.3,10.8571423,117.0,,
Female,61.0,Siricilla,Rakesh,Orthopedics,Fracture,emergency,289.75,42.0,0.0,,
Female,26.0,Siricilla,Sunitha,Obstetrics,Pregnancy,moderate,88.33,6.0,0.0,,
Female,26.0,Siricilla,Sonam,Obstetrics,Pregnancy,moderate,88.33,13.0,0.0,,
Male,84.0,Sangareddy,vikrant,Dermatology,Skin related,emergency,6.88,5.875,1.0,,
Male,66.0,Siricilla,mani,Dermatology,Skin related,emergency,53.0,4.0,49.0,,
Female,66.0,Siricilla,mani,Dermatology,Skin related,emergency,8.88,0.883333333,8.0,,
Male,19.0,Sangareddy,aditya,Orthopedics,Fracture,moderate,126.33,19.33333333,107.0,,
Female,24.0,Siricilla,amrutha,Obstetrics,Pregnancy,moderate,44.42,2.416666667,42.0,,
Female,25.0,Siricilla,Arun,Obstetrics,Pregnancy,moderate,423.0,74.0,0.0,,
Male,25.0,Narayanpet,Rakesh,Orthopedics,Fracture,moderate,282.0,0.0,280.0,,
Female,3.0,Kamareddy,aditya,Orthopedics,Fracture,moderate,180.6,14.0,0.0,,
Male,66.0,Siricilla,mani,Dermatology,Skin related,emergency,44.42,6.0,0.0,,
Female,66.0,Siricilla,vikrant,Dermatology,Skin related,emergency,44.42,0.0,42.0,,
Male,46.0,Narayanpet,aditya,Orthopedics,Fracture,moderate,423.0,0.0,390.0,,
Male,8.0,Narayanpet,Rakesh,Orthopedics,Fracture,moderate,554.75,49.0,0.0,,
Female,66.0,Siricilla,vikrant,Dermatology,Skin related,emergency,88.33,5.333333333,83.0,,
Female,25.0,Siricilla,Arun,Obstetrics,Pregnancy,moderate,17.67,0.666666667,17.0,,
Male,24.0,Siricilla,Rakesh,Orthopedics,Fracture,moderate,62.44,9.0,0.0,,
Female,24.0,Siricilla,Sunitha,Obstetrics,Pregnancy,moderate,53.0,0.0,50.0,,
Male,8.0,Kamareddy,ridhi shah,Urology,Chronic kidney disease,moderate,134.0,0.0,113.0,,
Male,11.0,Karimnagar,aditya,Orthopedics,Fracture,moderate,423.0,26.0,0.0,,
Male,66.0,Siricilla,mani,Dermatology,Skin related,emergency,17.77,0.0,16.0,,
Female,66.0,Siricilla,mani,Dermatology,Skin related,emergency,26.65,4.0,0.0,,
Male,66.0,Siricilla,vikrant,Dermatology,Skin related,emergency,70.67,0.0,67.0,,
Female,26.0,Siricilla,Sunitha,Obstetrics,Pregnancy,moderate,88.33,0.0,85.0,,
Female,27.0,Karimnagar,Rakesh,Orthopedics,Fracture,moderate,402.0,0.0,338.0,,
Male,19.0,Hyderabad,mani,Dermatology,Skin related,moderate,541.8,409.8,132.0,,
Female,48.0,Nalgonda,aditya,Orthopedics,Fracture,moderate,141.0,18.0,0.0,,
Male,68.0,Kamareddy,Rakesh,Orthopedics,Fracture,emergency,25.45,0.0,25.0,,
Female,84.0,Sangareddy,vikrant,Dermatology,Skin related,emergency,148.06,139.0588235,9.0,,
Male,56.0,Karimnagar,Rakesh,Orthopedics,Fracture,moderate,423.0,79.0,0.0,,
Female,63.0,Kamareddy,aditya,Orthopedics,Fracture,emergency,177.5,30.5,147.0,,
Male,84.0,Sangareddy,mani,Dermatology,Skin related,emergency,2413.5,1617.5,796.0,,
Female,15.0,Khammam,Lata,Psychiatry,Anxiety,minor,59.04,8.0,0.0,,
Male,77.0,Khammam,Rakesh,Orthopedics,Fracture,moderate,7.07,1.0,0.0,,
Female,77.0,Khammam,aditya,Orthopedics,Fracture,moderate,10.6,0.0,10.0,,
Male,0.0,Karimnagar,Rakesh,Orthopedics,Fracture,minor,2219.0,191.0,2028.0,,
Female,77.0,Khammam,aditya,Orthopedics,Fracture,moderate,57.6,0.0,52.0,,
Male,77.0,Khammam,Rakesh,Orthopedics,Fracture,moderate,38.4,2.4,36.0,,
Female,84.0,Hyderabad,aditya,Orthopedics,Fracture,moderate,268.0,8.0,260.0,,
Male,35.0,Kamareddy,Rakesh,Orthopedics,Fracture,minor,423.0,54.0,0.0,,
Female,83.0,Suryapet,aditya,Orthopedics,Fracture,moderate,141.0,5.0,136.0,,
Male,37.0,Hyderabad,Rakesh,Orthopedics,Fracture,minor,670.5,58.5,612.0,,
Female,37.0,Hyderabad,aditya,Orthopedics,Fracture,minor,4023.0,126.0,3897.0,,
Male,69.0,Nalgonda,Rakesh,Orthopedics,General Medical Checkup,moderate,180.6,8.6,172.0,,
Female,77.0,Khammam,aditya,Orthopedics,Fracture,moderate,116.0,6.0,110.0,,
Male,77.0,Khammam,Rakesh,Orthopedics,Fracture,moderate,92.8,5.8,87.0,,
Female,46.0,Hyderabad,aditya,Orthopedics,Fracture,moderate,423.0,0.0,344.0,,
Female,29.0,Sangareddy,aditya,Orthopedics,Fracture,minor,282.0,27.0,0.0,,
Male,57.0,Narayanpet,Kapil,General,Fever,moderate,141.0,8.0,133.0,,
Female,18.0,Hyderabad,Rakesh,Orthopedics,Fracture,moderate,423.0,75.0,0.0,,
Male,38.0,Gajwel,Sandeep,General,Fever,minor,128.4,12.4,116.0,,
Female,23.0,Warangal,Sonam,Obstetrics,Pregnancy,minor,33.33,0.0,28.0,,
Male,59.0,Nalgonda,Sridhar,General,General Medical Checkup,moderate,59.04,0.0,55.0,,
Female,4.0,Sangareddy,mani,Dermatology,Skin related,minor,53.33,8.333333333,45.0,,
Female,89.0,Narayanpet,Sridhar,General,General Medical Checkup,moderate,47.4,3.0,0.0,,
Male,85.0,Karimnagar,Sandeep,General,Fever,moderate,99.5,16.0,0.0,,
Female,4.0,Sangareddy,vikrant,Dermatology,Skin related,minor,17.0,3.0,14.0,,
Female,45.0,Narayanpet,mani,Dermatology,Skin related,moderate,4.88,1.884615385,3.0,,
Female,31.0,Karimnagar,vikrant,Dermatology,Skin related,minor,106.67,17.66666667,89.0,,
Female,59.0,Nalgonda,mani,Dermatology,Skin related,moderate,11.83,0.833333333,11.0,,
Male,59.0,Nalgonda,Sonam,Obstetrics,General Medical Checkup,moderate,13.54,0.53571423,13.0,,
Female,42.0,Gajwel,Sandeep,General,Fever,minor,11.11,2.0,0.0,,
Female,31.0,Kamareddy,Sridhar,General,"Injury, unspecified",minor,8.97,1.0,0.0,,
Female,30.0,Narayanpet,Sunitha,Obstetrics,Pregnancy,minor,32.48,5.48,27.0,,
Male,31.0,Karimnagar,vikrant,Dermatology,Skin related,minor,64.71,9.714285714,55.0,,
Female,30.0,Narayanpet,Sunitha,Obstetrics,Pregnancy,minor,80.64,12.0,0.0,,
Female,30.0,Narayanpet,Sonam,Obstetrics,Pregnancy,minor,32.5,6.5,26.0,,
Male,88.0,Sangareddy,mani,Dermatology,Skin related,moderate,50.71,10.0,0.0,,
Male,4.0,Sangareddy,vikrant,Dermatology,Skin related,minor,123.0,22.0,101.0,,
Female,66.0,Kamareddy,mani,Dermatology,Skin related,moderate,390.29,75.28571429,315.0,,
Female,31.0,Kamareddy,Sandeep,General,"Injury, unspecified",minor,121.5,18.5,103.0,,
Female,12.0,Sangareddy,vikrant,Dermatology,Skin related,minor,5.54,0.537037037,5.0,,
Female,4.0,Sangareddy,mani,Dermatology,Skin related,minor,108.27,0.0,91.0,,
Male,59.0,Nalgonda,vikrant,Dermatology,Skin related,moderate,30.48,0.0,28.0,,
Female,60.0,Karimnagar,mani,Dermatology,Skin related,moderate,531.26,80.0,0.0,,
Male,4.0,Sangareddy,vikrant,Dermatology,Skin related,minor,26.63,4.0,0.0,,
Male,89.0,Narayanpet,Mahesh,Radiology,General Medical Checkup,moderate,18.57,0.571428571,18.0,,
Female,59.0,Nalgonda,Mahesh,Radiology,General Medical Checkup,moderate,47.4,0.0,45.0,,
Male,89.0,Narayanpet,Mahesh,Radiology,General Medical Checkup,moderate,88.56,5.56,83.0,,
Male,23.0,Siricilla,vikrant,Dermatology,Skin related,minor,34.0,6.0,0.0,,
Male,61.0,Siricilla,Rakesh,Orthopedics,Fracture,moderate,1173.38,168.0,0.0,,
Male,15.0,Khammam,Lata,Psychiatry,Anxiety,minor,21.07,2.071428571,19.0,,
Female,68.0,Kamareddy,aditya,Orthopedics,Fracture,moderate,798.33,59.33333333,739.0,,
Female,84.0,Sangareddy,vikrant,Dermatology,Skin related,moderate,18.82,0.0,4.0,,
Male,15.0,Khammam,Lata,Psychiatry,Anxiety,minor,97.44,3.44,94.0,,
Female,25.0,Warangal,amrutha,Obstetrics,Pregnancy,minor,263.48,206.4814815,57.0,,
Female,61.0,Siricilla,aditya,Orthopedics,Fracture,moderate,62.44,9.0,0.0,,
Male,84.0,Sangareddy,vikrant,Dermatology,Skin related,moderate,148.06,24.05882353,124.0,,
Female,68.0,Kamareddy,Rakesh,Orthopedics,Fracture,moderate,50.91,5.0,0.0,,
Male,63.0,Kamareddy,Rakesh,Orthopedics,Fracture,moderate,44.38,0.0,36.0,,
Female,84.0,Sangareddy,mani,Dermatology,Skin related,moderate,2413.5,800.5,1613.0,,
Male,15.0,Khammam,Lata,Psychiatry,Anxiety,minor,29.52,0.52,29.0,,
Male,68.0,Kamareddy,Rakesh,Orthopedics,Fracture,moderate,76.71,0.0,75.0,,
Female,61.0,Siricilla,aditya,Orthopedics,Fracture,moderate,241.46,10.45833333,231.0,,
Male,84.0,Sangareddy,mani,Dermatology,Skin related,moderate,1.72,1.0,0.0,,
Male,85.0,Karimnagar,Sridhar,General,Fever,moderate,102.83,0.0,30.0,,
Female,32.0,Karimnagar,Arun,Obstetrics,Pregnancy,minor,24.68,0.684210526,24.0,,
Female,33.0,Warangal,Arun,Obstetrics,Pregnancy,minor,66.21,10.0,0.0,,
Female,33.0,Karimnagar,amrutha,Obstetrics,Pregnancy,minor,34.8,0.8,34.0,,
Male,60.0,Kamareddy,Sandeep,General,Fever,moderate,63.88,1.875,62.0,,
Female,50.0,Narayanpet,Kapil,General,Fever,moderate,98.33,0.0,82.0,,
Female,32.0,Karimnagar,Sonam,Obstetrics,Pregnancy,minor,21.09,1.08571423,20.0,,
Male,12.0,Karimnagar,Kapil,General,"Injury, unspecified",minor,8.88,1.0,0.0,,
Male,42.0,Gajwel,Sridhar,General,Fever,minor,66.21,20.20833333,46.0,,
Male,74.0,Kamareddy,mani,Dermatology,Skin related,moderate,745.09,263.0909091,482.0,,
Male,16.0,Kamareddy,Mahesh,Radiology,Fever,minor,548.5,31.0,0.0,,
Female,27.0,Khammam,Sunitha,Obstetrics,Pregnancy,minor,2.01,0.0,1.0,,
Female,28.0,Karimnagar,Arun,Obstetrics,Pregnancy,minor,46.18,2.175,44.0,,
Male,16.0,Kamareddy,Sridhar,General,Fever,minor,45.33,18.33333333,27.0,,
Male,16.0,Kamareddy,Sandeep,General,Fever,minor,163.17,0.0,104.0,,
Male,47.0,Kamareddy,mani,Dermatology,Skin related,moderate,162.4,6.4,156.0,,
Male,47.0,Kamareddy,vikrant,Dermatology,Skin related,moderate,88.56,0.0,81.0,,
Male,10.0,Nalgonda,Rakesh,Orthopedics,Fever,minor,1384.38,172.0,0.0,,
Male,84.0,Sangareddy,ridhi shah,Urology,Chronic kidney disease,moderate,87.52,0.0,49.0,,
Male,89.0,Gajwel,ridhi shah,Urology,Chronic kidney disease,moderate,18.52,10.51923077,8.0,,
Male,47.0,Kamareddy,vikrant,Dermatology,Skin related,moderate,16.0,0.0,16.0,,
Male,71.0,Nalgonda,Kapil,General,General Medical Checkup,moderate,14.81,0.0,4.0,,
Female,27.0,Siricilla,Sunitha,Obstetrics,Pregnancy,minor,13.89,0.890909091,13.0,,
Female,28.0,Siricilla,Sunitha,Obstetrics,Pregnancy,minor,82.0,7.0,0.0,,
Female,28.0,Siricilla,Sonam,Obstetrics,Pregnancy,minor,117.75,23.0,0.0,,
Female,35.0,Siricilla,Sonam,Obstetrics,Pregnancy,emergency,18.04,2.0,0.0,,
Female,27.0,Siricilla,amrutha,Obstetrics,Pregnancy,emergency,67.4,11.0,0.0,,
Male,10.0,Nalgonda,Sandeep,General,Fever,minor,15.33,1.0,0.0,,
Male,73.0,Gajwel,Sandeep,General,General Medical Checkup,moderate,49.2,5.0,0.0,,
Male,9.0,Narayanpet,Sridhar,General,Fever,minor,89.6,13.6,76.0,,
Male,57.0,Suryapet,Sridhar,General,General Medical Checkup,moderate,98.4,18.4,80.0,,
Male,41.0,Suryapet,Kapil,General,General Medical Checkup,minor,49.2,8.2,41.0,,
Female,29.0,Siricilla,Sonam,Obstetrics,Pregnancy,moderate,18.04,1.044444444,17.0,,
Male,73.0,Gajwel,ridhi shah,Urology,General Medical Checkup,moderate,47.4,3.0,0.0,,
Female,27.0,Siricilla,amrutha,Obstetrics,Pregnancy,emergency,33.7,4.0,0.0,,
Female,27.0,Siricilla,amrutha,Obstetrics,Pregnancy,emergency,78.5,0.0,73.0,,
Male,44.0,Hyderabad,Sandeep,General,Fever,minor,68.67,10.66666667,58.0,,
Male,17.0,Khammam,vikrant,Dermatology,Skin related,minor,8.04,1.0,0.0,,
Male,41.0,Suryapet,ridhi shah,Urology,Chronic kidney disease,minor,270.67,47.66666667,223.0,,
Male,38.0,Gajwel,Sandeep,General,Fever,minor,128.4,0.0,124.0,,
Female,22.0,Karimnagar,Sonam,Obstetrics,Pregnancy,minor,46.18,0.0,43.0,,
Female,22.0,Siricilla,amrutha,Obstetrics,Pregnancy,minor,32.8,2.8,30.0,,
Male,25.0,Narayanpet,Kapil,General,General Medical Checkup,minor,224.0,41.0,183.0,,
Female,30.0,Suryapet,Arun,Obstetrics,Pregnancy,minor,15.8,3.0,0.0,,
Female,23.0,Karimnagar,Arun,Obstetrics,Pregnancy,minor,11.6,0.0,11.0,,
Male,12.0,Karimnagar,Sridhar,General,"Injury, unspecified",minor,24.68,0.684210526,24.0,,
Female,29.0,Nalgonda,Sunitha,Obstetrics,Pregnancy,minor,246.0,49.0,197.0,,
Female,30.0,Suryapet,amrutha,Obstetrics,Pregnancy,minor,27.47,0.0,23.0,,
Male,25.0,Narayanpet,Mahesh,Radiology,General Medical Checkup,minor,216.53,33.53333333,183.0,,
Male,12.0,Karimnagar,Kapil,General,"Injury, unspecified",minor,21.09,2.0,0.0,,
Female,22.0,Karimnagar,Sonam,Obstetrics,Pregnancy,minor,5.92,1.0,0.0,,
Male,57.0,Suryapet,Mahesh,Radiology,General Medical Checkup,moderate,15.8,2.8,13.0,,
Male,39.0,Nalgonda,Sandeep,General,Fever,minor,54.13,8.133333333,46.0,,
Male,9.0,Narayanpet,Sridhar,General,Fever,moderate,31.6,0.0,26.0,,
Female,24.0,Siricilla,Arun,Obstetrics,Pregnancy,moderate,41.67,2.672727273,39.0,,
Male,4.0,Hyderabad,Ganesh,Pediatrics,Fever,minor,216.53,39.53333333,177.0,,
Male,71.0,Nalgonda,Mahesh,Radiology,General Medical Checkup,moderate,14.81,4.807692308,10.0,,
Male,47.0,Kamareddy,vikrant,Dermatology,Skin related,moderate,4.0,1.0,0.0,,
Male,84.0,Sangareddy,ridhi shah,Urology,Chronic kidney disease,moderate,65.64,12.64,53.0,,
Male,12.0,Sangareddy,mani,Dermatology,Skin related,minor,16.61,2.0,0.0,,
Male,89.0,Gajwel,ridhi shah,Urology,Chronic kidney disease,moderate,6.17,1.173076923,5.0,,
Female,23.0,Siricilla,Arun,Obstetrics,Pregnancy,minor,67.4,4.4,63.0,,
Male,66.0,Siricilla,vikrant,Dermatology,Skin related,moderate,35.33,0.0,34.0,,
Male,66.0,Siricilla,vikrant,Dermatology,Skin related,moderate,44.42,4.416666667,40.0,,
Male,66.0,Siricilla,mani,Dermatology,Skin related,moderate,44.42,1.416666667,43.0,,
Male,66.0,Siricilla,mani,Dermatology,Skin related,moderate,53.0,4.0,49.0,,
Female,23.0,Siricilla,Arun,Obstetrics,Pregnancy,minor,26.65,5.0,0.0,,
Female,24.0,Siricilla,amrutha,Obstetrics,Pregnancy,minor,35.33,4.0,0.0,,
Male,77.0,Khammam,Rakesh,Orthopedics,Fracture,moderate,7.07,0.0,7.0,,
Male,77.0,Khammam,aditya,Orthopedics,Fracture,moderate,3.53,-0.466666667,4.0,,
Male,73.0,Gajwel,ridhi shah,Urology,Chronic kidney disease,moderate,63.2,12.2,51.0,,
Male,9.0,Narayanpet,aditya,Orthopedics,Fracture,minor,31.6,5.6,26.0,,
Female,21.0,Siricilla,Sonam,Obstetrics,Pregnancy,minor,50.55,2.55,48.0,,
Male,44.0,Hyderabad,Kapil,General,Fever,minor,270.67,0.0,218.0,,
Male,73.0,Gajwel,ridhi shah,Urology,Chronic kidney disease,moderate,196.8,25.0,0.0,,
Male,41.0,Suryapet,ridhi shah,Urology,Chronic kidney disease,minor,246.0,41.0,205.0,,
Male,6.0,Suryapet,aditya,Pediatrics,Fever,minor,49.2,9.2,40.0,,
Male,9.0,Narayanpet,Rakesh,Orthopedics,Fracture,minor,179.2,35.2,144.0,,
Male,41.0,Suryapet,ridhi shah,Urology,Chronic kidney disease,minor,108.27,17.26666667,91.0,,
Male,8.0,Hyderabad,Rakesh,Pediatrics,Fever,minor,41.2,6.2,35.0,,
Male,9.0,Suryapet,aditya,Pediatrics,Fever,minor,31.6,5.6,26.0,,
Male,6.0,Nalgonda,Rakesh,Pediatrics,Fever,minor,54.13,9.133333333,45.0,,
Male,25.0,Narayanpet,Sonam,Obstetrics,Fever,minor,108.27,17.26666667,91.0,,
Male,30.0,Suryapet,Sunitha,Obstetrics,Fever,minor,54.93,9.933333333,45.0,,
Male,25.0,Narayanpet,amrutha,Obstetrics,Fever,minor,44.8,3.0,0.0,,
Male,3.0,Nalgonda,aditya,Pediatrics,Fever,minor,246.0,39.0,207.0,,
Male,30.0,Suryapet,Arun,Obstetrics,Fever,minor,63.2,10.2,53.0,,
Male,88.0,Sangareddy,amrutha,Obstetrics,"Injury, unspecified",moderate,196.8,32.8,164.0,,
Male,68.0,Sangareddy,Rakesh,Orthopedics,Fracture,moderate,42.13,8.0,0.0,,
Female,28.0,Karimnagar,ridhi shah,Urology,Chronic kidney disease,minor,158.9,8.9,150.0,,
Female,1.0,Karimnagar,Lata,Psychiatry,Anxiety,minor,31.6,4.0,0.0,,
Male,59.0,Hyderabad,Lata,Psychiatry,Anxiety,moderate,10.3,0.0,10.0,,
Male,87.0,Kamareddy,Lata,Psychiatry,Anxiety,moderate,27.07,4.0,0.0,,
Female,26.0,Hyderabad,Arun,Obstetrics,Pregnancy,minor,75.8,2.8,73.0,,
Male,65.0,Kamareddy,ridhi shah,Urology,Chronic kidney disease,moderate,179.2,0.0,169.0,,
Male,17.0,Khammam,Mahesh,Radiology,Fever,minor,94.08,0.08,94.0,,
Male,38.0,Nalgonda,mani,Dermatology,Skin related,minor,153.63,21.0,0.0,,
Male,20.0,Karimnagar,amrutha,Obstetrics,General Medical Checkup,minor,270.67,6.666666667,264.0,,
Male,61.0,Gajwel,Lata,Psychiatry,Anxiety,moderate,63.2,4.0,0.0,,
Female,30.0,Siricilla,Arun,Obstetrics,Pregnancy,minor,158.9,5.9,153.0,,
Male,87.0,Siricilla,vikrant,Dermatology,Skin related,moderate,64.0,3.0,61.0,,
Male,77.0,Sangareddy,Lata,Psychiatry,Anxiety,moderate,89.6,17.6,72.0,,
Male,40.0,Narayanpet,mani,Dermatology,Skin related,minor,82.6,1.6,81.0,,
Male,14.0,Nalgonda,Lata,Psychiatry,Anxiety,minor,98.4,13.0,0.0,,
Male,65.0,Karimnagar,Lata,Psychiatry,Anxiety,moderate,42.13,0.0,38.0,,
Male,90.0,Nalgonda,Sandeep,General,Fever,moderate,1661.26,0.0,1522.0,,
Male,25.0,Sangareddy,ridhi shah,Urology,Chronic kidney disease,minor,184.25,33.0,0.0,,
Male,59.0,Suryapet,Lata,Psychiatry,Anxiety,moderate,108.27,0.0,100.0,,
Female,24.0,Warangal,Sunitha,Obstetrics,Pregnancy,minor,17.33,1.333333333,16.0,,
Male,80.0,Narayanpet,Lata,Psychiatry,Anxiety,moderate,108.27,21.26666667,87.0,,
Male,33.0,Karimnagar,Sridhar,General,General Medical Checkup,minor,23.7,1.7,22.0,,
Male,35.0,Karimnagar,vikrant,Dermatology,Skin related,minor,35.5,3.5,32.0,,
Male,73.0,Hyderabad,Kapil,General,General Medical Checkup,moderate,108.27,0.0,108.0,,
Female,2.0,Siricilla,Lata,Psychiatry,Anxiety,minor,15.8,3.0,0.0,,
Male,79.0,Warangal,Sonam,Obstetrics,General Medical Checkup,moderate,28.1,1.1,27.0,,
Male,85.0,Suryapet,Lata,Psychiatry,Anxiety,moderate,172.95,4.95,168.0,,
Female,17.0,Narayanpet,ridhi shah,Urology,General Medical Checkup,minor,147.6,23.6,124.0,,
Male,35.0,Kamareddy,Mahesh,Radiology,Fever,minor,51.1,8.0,0.0,,
Male,73.0,Suryapet,Mahesh,Radiology,Fever,moderate,277.38,22.375,255.0,,
male,21.0,suryapret,nani,surgeon,accident,low,2000.0,0.0,2000.0,,
male,21.0,near golconda,nani,general,fever,moderate,20000.0,0.0,20000.0,,
male,21.0,near golconda,nani,general,fever,moderate,20000.0,0.0,20000.0,,
male,23.0,hyderabad,remo,general,fever,low,10000.0,0.0,10000.0,,
female,23.0,hyderabad,remo,general,fever,low,10000.0,0.0,10000.0,,
male,22.0,nalgonda,deepak,nuerology,brain tomour,low,20000.0,2000.0,20000.0,,
Male,23.0,hyderabad,gajini,psychirotist,memoery loss,high,2000.0,0.0,2000.0,,
male,23.0,kodad,sadeepak,general,"fever,cold",low,1000.0,0.0,1000.0,,
,,,,,,,,,,,
,,,,,,,,,,,
Male,30.0,Hyderabad,Sandeep,General,General Medical Checkup,moderate,35.88,11.875,24.0,,
Female,30.0,Hyderabad,Sridhar,General,"Injury, unspecified",moderate,52.2,14.2,38.0,,
Male,30.0,Hyderabad,Kapil,General,"Injury, unspecified",moderate,52.2,0.0,37.0,,
Female,30.0,Hyderabad,Sandeep,General,"Injury, unspecified",moderate,42.18,14.175,28.0,,
Male,30.0,Hyderabad,Sridhar,General,"Injury, unspecified",moderate,126.53,42.525,84.0,,
Female,47.0,Warangal,Sunitha,Obstetrics,Fever,moderate,423.0,18.0,405.0,,
Male,60.0,Khammam,Arun,Obstetrics,Fever,moderate,134.0,5.0,129.0,,
Male,76.0,Karimnagar,Rakesh,Orthopedics,Fracture,emergency,141.0,26.0,0.0,,
Male,5.0,Nalgonda,Ganesh,Pediatrics,Fever,moderate,20.6,3.6,17.0,,
Female,12.0,Nalgonda,Harish,Pediatrics,Fever,moderate,34.33,5.333333333,29.0,,
Male,30.0,Hyderabad,Kapil,General,"Injury, unspecified",moderate,43.54,17.53571429,26.0,,
Male,30.0,Hyderabad,Mahesh,Radiology,"Injury, unspecified",moderate,21.77,9.767857143,12.0,,
Female,10.0,Suryapet,Ganesh,Pediatrics,Fever,moderate,282.0,43.0,0.0,,
Male,62.0,Siricilla,amrutha,Obstetrics,General Medical Checkup,emergency,541.8,106.8,435.0,,
Male,45.0,Karimnagar,Sonam,Obstetrics,General Medical Checkup,moderate,722.4,101.0,0.0,,
Female,28.0,Siricilla,Sunitha,Obstetrics,Pregnancy,moderate,141.0,27.0,114.0,,
Male,30.0,Hyderabad,Mahesh,Radiology,"Injury, unspecified",moderate,91.94,10.0,0.0,,
Female,30.0,Hyderabad,Mahesh,Radiology,"Injury, unspecified",moderate,137.91,9.0,0.0,,
Male,0.0,Khammam,Ganesh,Pediatrics,Fever,moderate,2422.0,175.0,2247.0,,
Male,30.0,Kamareddy,aditya,Orthopedics,General Medical Checkup,moderate,1250.14,167.0,0.0,,
Female,30.0,Kamareddy,Rakesh,Orthopedics,General Medical Checkup,moderate,2500.29,72.28571429,2428.0,,
Male,13.0,Nalgonda,Harish,Pediatrics,Fever,moderate,135.33,27.0,0.0,,
Female,4.0,Nalgonda,Ganesh,Pediatrics,Fever,moderate,81.2,12.0,0.0,,
Male,30.0,Hyderabad,Sandeep,General,"Injury, unspecified",moderate,455.83,40.0,0.0,,
Male,30.0,Hyderabad,Mahesh,Radiology,"Injury, unspecified",moderate,455.83,0.0,258.0,,
Female,38.0,Sangareddy,ridhi shah,Urology,General Medical Checkup,moderate,722.4,75.0,0.0,,
Male,30.0,Hyderabad,Sridhar,General,"Injury, unspecified",moderate,82.84,27.84375,55.0,,
Male,30.0,Hyderabad,Kapil,General,"Injury, unspecified",moderate,82.84,11.0,0.0,,
Male,30.0,Hyderabad,Sandeep,General,"Injury, unspecified",moderate,37.7,2.0,0.0,,
Female,30.0,Hyderabad,Sridhar,General,"Injury, unspecified",moderate,37.7,2.0,0.0,,
Female,40.0,Hyderabad,Rakesh,Orthopedics,General Medical Checkup,moderate,141.0,0.0,127.0,,
Female,7.0,Hyderabad,mani,Dermatology,General Medical Checkup,moderate,252.67,38.66666667,214.0,,
Male,2.0,Nalgonda,Harish,Pediatrics,Fever,moderate,17.33,3.333333333,14.0,,
Female,1.0,Nalgonda,Ganesh,Pediatrics,Fever,moderate,17.33,3.333333333,14.0,,
Male,89.0,Khammam,aditya,Orthopedics,General Medical Checkup,emergency,423.0,0.0,412.0,,
Female,16.0,Nalgonda,Mahesh,Radiology,General Medical Checkup,moderate,5.2,0.2,5.0,,
Male,16.0,Nalgonda,Mahesh,Radiology,General Medical Checkup,moderate,5.2,0.2,5.0,,
Female,31.0,Hyderabad,Sunitha,Obstetrics,Pregnancy,moderate,50.25,0.25,50.0,,
Female,28.0,Hyderabad,Sonam,Obstetrics,Pregnancy,moderate,67.0,5.0,0.0,,
Male,9.0,Narayanpet,Ganesh,Pediatrics,General Medical Checkup,moderate,462.0,0.0,452.0,,
Male,71.0,Nalgonda,Sridhar,General,General Medical Checkup,emergency,722.4,137.0,0.0,,
Male,15.0,Kamareddy,Harish,Pediatrics,General Medical Checkup,moderate,361.2,27.0,0.0,,
Female,27.0,Sangareddy,amrutha,Obstetrics,Pregnancy,moderate,103.2,26.2,77.0,,
Female,24.0,Kamareddy,Sonam,Obstetrics,Pregnancy,moderate,22.67,2.0,0.0,,
Female,24.0,Kamareddy,Sunitha,Obstetrics,Pregnancy,moderate,34.0,3.0,0.0,,
Female,29.0,Kamareddy,Arun,Obstetrics,Pregnancy,moderate,134.0,25.0,0.0,,
Male,2.0,Hyderabad,Sridhar,General,"Injury, unspecified",moderate,227.0,0.0,70.0,,
Female,2.0,Hyderabad,Kapil,General,"Injury, unspecified",moderate,113.5,0.0,63.0,,
Male,55.0,Gajwel,Sandeep,General,"Injury, unspecified",moderate,26.91,9.90625,17.0,,
Male,55.0,Gajwel,Sridhar,General,"Injury, unspecified",moderate,17.94,3.0,0.0,,
Male,2.0,Hyderabad,Kapil,General,"Injury, unspecified",moderate,104.14,0.0,43.0,,
Male,2.0,Hyderabad,Sandeep,General,"Injury, unspecified",moderate,138.3,87.8571423,51.0,,
Female,23.0,Karimnagar,Sunitha,Obstetrics,Pregnancy,moderate,273.5,26.5,247.0,,
Female,23.0,Karimnagar,Sonam,Obstetrics,Pregnancy,moderate,273.5,0.0,273.0,,
Male,43.0,Hyderabad,amrutha,Obstetrics,Fever,moderate,123.0,13.0,0.0,,
Male,43.0,Hyderabad,Arun,Obstetrics,Fever,moderate,98.4,19.4,79.0,,
Female,32.0,Kamareddy,Sonam,Obstetrics,Pregnancy,moderate,176.56,0.0,172.0,,
Female,31.0,Kamareddy,Sunitha,Obstetrics,Pregnancy,moderate,132.42,7.416666667,125.0,,
Female,12.0,Karimnagar,ridhi shah,Urology,Chronic kidney disease,moderate,134.0,8.0,0.0,,
Female,22.0,Karimnagar,Sandeep,General,Pregnancy,moderate,4.22,0.220588235,4.0,,
Female,22.0,Karimnagar,Sridhar,General,Pregnancy,moderate,4.22,1.0,0.0,,
Male,55.0,Gajwel,Mahesh,Radiology,"Injury, unspecified",moderate,192.17,30.0,0.0,,
Male,55.0,Gajwel,Kapil,General,"Injury, unspecified",moderate,48.04,14.04166667,34.0,,
Female,88.0,Sangareddy,ridhi shah,Urology,Chronic kidney disease,emergency,27.07,0.0,25.0,,
Male,88.0,Sangareddy,ridhi shah,Urology,Chronic kidney disease,emergency,81.2,7.0,0.0,,
Female,88.0,Sangareddy,ridhi shah,Urology,Chronic kidney disease,emergency,67.2,4.0,0.0,,
Male,88.0,Sangareddy,ridhi shah,Urology,Chronic kidney disease,emergency,89.6,0.0,84.0,,
Female,21.0,Hyderabad,Arun,Obstetrics,Pregnancy,moderate,13.33,5.333333333,8.0,,
Female,21.0,Hyderabad,Kapil,General,Pregnancy,moderate,13.33,4.333333333,9.0,,
Female,23.0,Siricilla,ridhi shah,Urology,Chronic kidney disease,moderate,423.0,35.0,388.0,,
Female,36.0,Kamareddy,ridhi shah,Urology,Chronic kidney disease,moderate,282.0,16.0,266.0,,
Female,43.0,Hyderabad,amrutha,Obstetrics,Fever,moderate,81.2,12.2,69.0,,
Female,13.0,Hyderabad,aditya,Pediatrics,Fever,moderate,108.27,11.0,0.0,,
Male,26.0,Nalgonda,ridhi shah,Urology,Chronic kidney disease,moderate,141.0,5.0,136.0,,
Female,24.0,Hyderabad,amrutha,Obstetrics,Pregnancy,moderate,59.5,25.5,34.0,,
Female,24.0,Hyderabad,Sunitha,Obstetrics,Pregnancy,moderate,14.88,3.875,11.0,,
Male,79.0,Warangal,ridhi shah,Urology,Chronic kidney disease,emergency,61.73,20.725,41.0,,
Female,79.0,Warangal,ridhi shah,Urology,Chronic kidney disease,emergency,20.58,3.0,0.0,,
Male,49.0,Karimnagar,Sandeep,General,General Medical Checkup,moderate,903.0,41.0,302.0,,
Female,40.0,Hyderabad,Sunitha,Obstetrics,General Medical Checkup,moderate,541.8,20.8,521.0,,
Male,31.0,Kamareddy,Mahesh,Radiology,"Injury, unspecified",moderate,121.5,0.5,121.0,,
Female,31.0,Kamareddy,Kapil,General,"Injury, unspecified",moderate,91.13,6.0,0.0,,
Male,18.0,Siricilla,Lata,Psychiatry,Anxiety,moderate,361.2,52.0,0.0,,
Female,55.0,Khammam,ridhi shah,Urology,Chronic kidney disease,moderate,36.22,0.21875,36.0,,
Male,55.0,Khammam,ridhi shah,Urology,Chronic kidney disease,moderate,108.66,17.0,0.0,,
Female,25.0,Nalgonda,ridhi shah,Urology,Chronic kidney disease,moderate,60.75,19.75,41.0,,
Male,25.0,Nalgonda,ridhi shah,Urology,Chronic kidney disease,moderate,91.13,13.0,0.0,,
Female,15.0,Siricilla,ridhi shah,Urology,Chronic kidney disease,moderate,722.4,52.4,670.0,,
Male,35.0,Sangareddy,ridhi shah,Urology,Chronic kidney disease,moderate,480.6,93.0,0.0,,
Female,16.0,Nalgonda,Mahesh,Radiology,General Medical Checkup,moderate,63.1,4.0,0.0,,
Male,16.0,Nalgonda,Sandeep,General,General Medical Checkup,moderate,31.55,5.0,0.0,,
Female,11.0,Hyderabad,Ganesh,Pediatrics,Fever,moderate,22.98,3.977272727,19.0,,
Male,43.0,Hyderabad,Harish,Pediatrics,Fever,moderate,15.32,2.318181818,13.0,,
Female,85.0,Siricilla,Rakesh,Orthopedics,General Medical Checkup,emergency,423.0,41.0,0.0,,
Male,12.0,Karimnagar,Ganesh,Pediatrics,Fever,moderate,119.18,1.175,118.0,,
Female,14.0,Karimnagar,Harish,Pediatrics,Fever,moderate,158.9,11.0,0.0,,
Male,2.0,Hyderabad,Sridhar,General,"Injury, unspecified",moderate,180.14,97.14285714,83.0,,
Female,2.0,Hyderabad,Kapil,General,"Injury, unspecified",moderate,135.11,16.0,0.0,,
Female,27.0,Sangareddy,Sunitha,Obstetrics,Pregnancy,moderate,82.4,11.0,0.0,,
Male,21.0,Nalgonda,ridhi shah,Urology,Chronic kidney disease,moderate,113.5,0.0,109.0,,
Male,21.0,Nalgonda,ridhi shah,Urology,Chronic kidney disease,moderate,113.5,17.0,0.0,,
Female,31.0,Kamareddy,Mahesh,Radiology,"Injury, unspecified",moderate,35.88,0.0,33.0,,
Male,31.0,Kamareddy,Sandeep,General,"Injury, unspecified",moderate,8.97,-0.03125,9.0,,
Male,89.0,Gajwel,ridhi shah,Urology,Chronic kidney disease,emergency,722.4,567.4,155.0,,
Female,5.0,Kamareddy,Sonam,Obstetrics,General Medical Checkup,moderate,722.4,9.4,713.0,,
Male,7.0,Khammam,ridhi shah,Urology,General Medical Checkup,moderate,640.8,28.8,612.0,,
Female,79.0,Warangal,ridhi shah,Urology,Chronic kidney disease,emergency,88.28,6.0,0.0,,
Male,79.0,Warangal,ridhi shah,Urology,Chronic kidney disease,emergency,88.28,39.27777778,49.0,,
Male,0.0,Kamareddy,ridhi shah,Urology,Chronic kidney disease,moderate,605.4,40.0,0.0,,
Female,7.0,Hyderabad,Mahesh,Radiology,General Medical Checkup,moderate,640.8,11.8,629.0,,
Male,17.0,Nalgonda,ridhi shah,Urology,Chronic kidney disease,moderate,95.23,6.0,0.0,,
Male,17.0,Nalgonda,ridhi shah,Urology,Chronic kidney disease,moderate,47.62,4.615384615,43.0,,
Female,4.0,Warangal,Sandeep,General,Fever,moderate,308.0,27.0,0.0,,
Male,88.0,Sangareddy,ridhi shah,Urology,Chronic kidney disease,emergency,6.56,0.5625,6.0,,
Male,88.0,Sangareddy,ridhi shah,Urology,Chronic kidney disease,emergency,6.56,1.0,0.0,,
Female,88.0,Nalgonda,Sridhar,General,Fever,emergency,154.0,2.0,152.0,,
Male,0.0,Karimnagar,Kapil,General,Fever,moderate,180.6,0.0,168.0,,
Male,9.0,Karimnagar,Sandeep,General,Fever,moderate,7.41,1.0,0.0,,
Female,9.0,Karimnagar,Sridhar,General,Fever,moderate,7.41,1.0,0.0,,
Female,20.0,Hyderabad,Sunitha,Obstetrics,Pregnancy,moderate,119.18,40.175,79.0,,
Female,30.0,Hyderabad,Sunitha,Obstetrics,Pregnancy,moderate,39.73,0.0,23.0,,
Male,3.0,Suryapet,Ganesh,Pediatrics,Fever,moderate,282.0,48.0,0.0,,
Female,79.0,Warangal,Kapil,General,Fever,emergency,34.17,0.0,23.0,,
Male,79.0,Warangal,Sandeep,General,Fever,emergency,68.33,20.33333333,48.0,,
Female,26.0,Hyderabad,Sunitha,Obstetrics,Pregnancy,moderate,59.04,6.0,0.0,,
Female,26.0,Hyderabad,Sonam,Obstetrics,Pregnancy,moderate,29.52,2.52,27.0,,
Male,9.0,Karimnagar,Sandeep,General,Fever,moderate,44.14,19.13888889,25.0,,
Female,9.0,Karimnagar,Sridhar,General,Fever,moderate,132.42,59.41666667,73.0,,
Male,60.0,Karimnagar,Kapil,General,Fever,moderate,104.5,3.5,101.0,,
Female,60.0,Karimnagar,Sandeep,General,Fever,moderate,156.75,2.75,154.0,,
Male,33.0,Kamareddy,ridhi shah,Urology,Chronic kidney disease,moderate,423.0,34.0,389.0,,
Male,26.0,Siricilla,Sridhar,General,Fever,moderate,320.4,21.4,299.0,,
Female,85.0,Narayanpet,amrutha,Obstetrics,General Medical Checkup,emergency,180.6,12.0,0.0,,
Male,2.0,Hyderabad,Kapil,General,"Injury, unspecified",moderate,32.48,1.48,31.0,,
Female,27.0,Hyderabad,amrutha,Obstetrics,Pregnancy,moderate,32.48,3.0,0.0,,
Male,16.0,Nalgonda,Mahesh,Radiology,General Medical Checkup,moderate,79.45,0.45,79.0,,
Male,16.0,Nalgonda,Kapil,General,General Medical Checkup,moderate,119.18,0.0,116.0,,
Female,0.0,Kamareddy,Kapil,General,Fever,moderate,801.0,0.0,770.0,,
Male,2.0,Kamareddy,Ganesh,Pediatrics,General Medical Checkup,moderate,320.4,0.0,299.0,,
Male,5.0,Karimnagar,Harish,Pediatrics,General Medical Checkup,moderate,640.8,50.8,590.0,,
Female,22.0,Karimnagar,amrutha,Obstetrics,Pregnancy,moderate,58.0,2.0,56.0,,
Female,30.0,Suryapet,Sonam,Obstetrics,Pregnancy,moderate,31.6,2.0,0.0,,
Male,85.0,Karimnagar,Kapil,General,Fever,emergency,205.67,13.0,0.0,,
Female,32.0,Karimnagar,Arun,Obstetrics,Pregnancy,moderate,12.34,2.0,0.0,,
Male,39.0,Nalgonda,Sandeep,General,Fever,moderate,98.4,17.4,81.0,,
Male,25.0,Narayanpet,Sandeep,General,General Medical Checkup,moderate,89.6,0.0,76.0,,
Male,25.0,Narayanpet,Sunitha,Obstetrics,General Medical Checkup,moderate,54.13,3.0,0.0,,
Female,30.0,Suryapet,Arun,Obstetrics,Pregnancy,moderate,41.2,0.0,33.0,,
Female,23.0,Warangal,Arun,Obstetrics,Pregnancy,moderate,132.42,10.0,0.0,,
Female,22.0,Karimnagar,Sonam,Obstetrics,Pregnancy,moderate,5.92,0.0,6.0,,
Male,7.0,Suryapet,Harish,Pediatrics,General Medical Checkup,moderate,31.6,2.0,0.0,,
Male,6.0,Nalgonda,Harish,Pediatrics,Fever,moderate,216.53,0.0,183.0,,
Female,21.0,Karimnagar,Arun,Obstetrics,Pregnancy,moderate,52.71,3.714285714,49.0,,
Male,4.0,Hyderabad,Ganesh,Pediatrics,Fever,moderate,270.67,49.66666667,221.0,,
Female,23.0,Siricilla,Arun,Obstetrics,Pregnancy,moderate,69.45,6.0,0.0,,
Male,60.0,Kamareddy,Mahesh,Radiology,Fever,moderate,127.75,9.0,0.0,,
Female,9.0,Narayanpet,Rakesh,Orthopedics,Fracture,moderate,79.0,13.0,0.0,,
Male,50.0,Narayanpet,Sridhar,General,Fever,moderate,196.67,0.0,161.0,,
Male,16.0,Kamareddy,Kapil,General,Fever,moderate,40.79,13.79166667,27.0,,
Female,27.0,Siricilla,amrutha,Obstetrics,Pregnancy,moderate,16.85,0.85,16.0,,
Male,73.0,Gajwel,Sandeep,General,General Medical Checkup,emergency,79.0,14.0,65.0,,
Female,32.0,Siricilla,Sonam,Obstetrics,Pregnancy,moderate,72.18,9.0,0.0,,
Male,16.0,Kamareddy,Sandeep,General,Fever,moderate,45.33,12.33333333,33.0,,
Female,73.0,Gajwel,Sridhar,General,General Medical Checkup,emergency,98.4,6.0,0.0,,
Male,10.0,Nalgonda,Kapil,General,Fever,moderate,30.67,11.66666667,19.0,,
Female,9.0,Narayanpet,Kapil,General,Fever,moderate,179.2,0.0,149.0,,
Male,41.0,Suryapet,Mahesh,Radiology,General Medical Checkup,moderate,196.8,31.8,165.0,,
Female,7.0,Suryapet,Harish,Pediatrics,General Medical Checkup,moderate,246.0,22.0,0.0,,
Female,32.0,Karimnagar,Sonam,Obstetrics,Pregnancy,moderate,69.26,7.0,0.0,,
Male,38.0,Gajwel,Sandeep,General,Fever,moderate,321.0,35.0,0.0,,
Female,27.0,Siricilla,amrutha,Obstetrics,Pregnancy,moderate,32.8,0.8,32.0,,
Male,42.0,Gajwel,Sridhar,General,Fever,moderate,132.42,7.0,0.0,,
Female,74.0,Kamareddy,vikrant,Dermatology,Skin related,emergency,248.36,15.0,0.0,,
Male,4.0,Hyderabad,Ganesh,Pediatrics,Fever,moderate,54.93,9.933333333,45.0,,
Female,24.0,Siricilla,Sunitha,Obstetrics,Pregnancy,moderate,39.25,0.0,39.0,,
Male,16.0,Kamareddy,Kapil,General,Fever,moderate,137.13,10.0,0.0,,
Female,17.0,Khammam,vikrant,Dermatology,Skin related,moderate,8.04,3.04,5.0,,
Male,41.0,Suryapet,ridhi shah,Urology,General Medical Checkup,moderate,216.53,37.53333333,179.0,,
Female,70.0,Narayanpet,Sridhar,General,"Injury, unspecified",emergency,64.96,12.96,52.0,,
Male,31.0,Kamareddy,Mahesh,Radiology,"Injury, unspecified",moderate,8.97,1.0,0.0,,
Female,42.0,Gajwel,Sandeep,General,Fever,moderate,22.22,7.222222222,15.0,,
Male,59.0,Nalgonda,amrutha,Obstetrics,General Medical Checkup,moderate,54.14,3.142857143,51.0,,
Female,70.0,Narayanpet,Sridhar,General,"Injury, unspecified",emergency,26.88,5.0,0.0,,
Male,31.0,Karimnagar,mani,Dermatology,Skin related,moderate,21.57,2.0,0.0,,
Female,31.0,Karimnagar,mani,Dermatology,Skin related,moderate,106.67,20.66666667,30.0,,
Male,59.0,Nalgonda,vikrant,Dermatology,Skin related,moderate,11.83,0.833333333,11.0,,
Female,10.0,Nalgonda,Sandeep,General,Fever,moderate,1038.29,207.0,0.0,,
Male,85.0,Karimnagar,Sridhar,General,Fever,emergency,99.5,16.5,83.0,,
Female,45.0,Narayanpet,vikrant,Dermatology,Skin related,moderate,19.54,8.538461538,11.0,,
Male,4.0,Sangareddy,mani,Dermatology,Skin related,moderate,11.33,1.333333333,10.0,,
Female,47.0,Kamareddy,mani,Dermatology,Skin related,moderate,32.48,2.48,30.0,,
Male,47.0,Kamareddy,mani,Dermatology,Skin related,moderate,59.04,4.0,0.0,,
Female,4.0,Sangareddy,vikrant,Dermatology,Skin related,moderate,106.67,20.66666667,30.0,,
Male,89.0,Narayanpet,amrutha,Obstetrics,General Medical Checkup,emergency,28.44,0.44,28.0,,
Female,59.0,Nalgonda,amrutha,Obstetrics,General Medical Checkup,moderate,147.6,0.0,141.0,,
Male,13.0,Warangal,ridhi shah,Urology,Chronic kidney disease,moderate,33.33,6.333333333,27.0,,
Female,60.0,Karimnagar,mani,Dermatology,Skin related,moderate,132.81,25.0,0.0,,
Male,4.0,Sangareddy,mani,Dermatology,Skin related,moderate,17.75,2.75,15.0,,
Female,29.0,Narayanpet,Sunitha,Obstetrics,Pregnancy,moderate,27.3,1.857142857,26.0,,
Female,29.0,Nalgonda,Arun,Obstetrics,Pregnancy,moderate,9.48,1.0,0.0,,
Female,31.0,Nalgonda,Sonam,Obstetrics,Pregnancy,moderate,14.81,7.807692308,7.0,,
Male,23.0,Siricilla,vikrant,Dermatology,Skin related,moderate,11.33,1.333333333,10.0,,
Male,89.0,Narayanpet,Kapil,General,General Medical Checkup,emergency,88.56,3.56,85.0,,
Female,47.0,Kamareddy,vikrant,Dermatology,Skin related,moderate,12.0,0.0,12.0,,
Male,12.0,Sangareddy,mani,Dermatology,Skin related,moderate,11.07,1.074074074,10.0,,
Female,89.0,Gajwel,ridhi shah,Urology,Chronic kidney disease,emergency,12.35,2.0,0.0,,
Male,31.0,Kamareddy,Mahesh,Radiology,"Injury, unspecified",moderate,91.13,17.125,74.0,,
Female,35.0,Narayanpet,Sonam,Obstetrics,Pregnancy,moderate,65.0,13.0,0.0,,
Male,88.0,Sangareddy,vikrant,Dermatology,Skin related,emergency,202.3,34.0,0.0,,
Male,4.0,Sangareddy,mani,Dermatology,Skin related,moderate,24.6,2.0,0.0,,
Female,66.0,Kamareddy,mani,Dermatology,Skin related,emergency,585.43,90.42857143,495.0,,
Male,84.0,Sangareddy,ridhi shah,Urology,Chronic kidney disease,emergency,43.76,0.0,35.0,,
Female,4.0,Sangareddy,vikrant,Dermatology,Skin related,moderate,108.27,14.0,0.0,,
Male,59.0,Nalgonda,Sunitha,Obstetrics,Skin related,moderate,30.48,2.476190476,28.0,,
Male,69.0,Narayanpet,Arun,Obstetrics,Skin related,emergency,180.6,10.6,170.0,,
Female,57.0,Kamareddy,amrutha,Obstetrics,Skin related,moderate,141.0,22.0,119.0,,
Female,30.0,Gajwel,Sonam,Obstetrics,Pregnancy,moderate,640.8,48.8,592.0,,
Female,26.0,Siricilla,Sunitha,Obstetrics,Pregnancy,moderate,8.88,0.0,8.0,,
Female,26.0,Siricilla,Sridhar,Obstetrics,Pregnancy,moderate,35.53,1.533333333,34.0,,
Male,59.0,Nalgonda,vikrant,Dermatology,Skin related,moderate,282.0,24.0,0.0,,
Female,26.0,Siricilla,amrutha,Obstetrics,Pregnancy,moderate,17.77,0.0,16.0,,
Male,26.0,Warangal,mani,Dermatology,Skin related,moderate,903.0,83.0,820.0,,
Female,15.0,Warangal,Sonam,Obstetrics,Pregnancy,moderate,197.61,0.0,115.0,,
Male,15.0,Khammam,Lata,Psychiatry,Anxiety,moderate,97.44,9.0,0.0,,
Female,26.0,Siricilla,Sunitha,Obstetrics,Pregnancy,moderate,70.67,0.666666667,70.0,,
Male,84.0,Sangareddy,vikrant,Dermatology,Skin related,emergency,28.24,22.23529412,6.0,,
Male,68.0,Kamareddy,aditya,Orthopedics,Fracture,emergency,399.17,8.166666667,391.0,,
Female,15.0,Khammam,Lata,Psychiatry,Anxiety,moderate,31.61,2.607142857,29.0,,
Female,61.0,Siricilla,aditya,Orthopedics,Fracture,emergency,1005.75,61.75,944.0,,
Female,50.0,Narayanpet,ridhi shah,Urology,General Medical Checkup,moderate,722.4,127.0,0.0,,
Male,55.0,Karimnagar,aditya,Orthopedics,Fracture,moderate,141.0,28.0,113.0,,
Male,64.0,Narayanpet,Rakesh,Orthopedics,Fracture,emergency,541.8,0.0,519.0,,
Female,75.0,Warangal,ridhi shah,Urology,Chronic kidney disease,emergency,423.0,68.0,0.0,,
Male,68.0,Kamareddy,Mahesh,Radiology,Fracture,emergency,127.3,10.8571423,117.0,,
Female,61.0,Siricilla,Rakesh,Orthopedics,Fracture,emergency,289.75,42.0,0.0,,
Female,26.0,Siricilla,Sunitha,Obstetrics,Pregnancy,moderate,88.33,6.0,0.0,,
Female,26.0,Siricilla,Sonam,Obstetrics,Pregnancy,moderate,88.33,13.0,0.0,,
Male,84.0,Sangareddy,vikrant,Dermatology,Skin related,emergency,6.88,5.875,1.0,,
Male,66.0,Siricilla,mani,Dermatology,Skin related,emergency,53.0,4.0,49.0,,
Female,66.0,Siricilla,mani,Dermatology,Skin related,emergency,8.88,0.883333333,8.0,,
Male,19.0,Sangareddy,aditya,Orthopedics,Fracture,moderate,126.33,19.33333333,107.0,,
Female,24.0,Siricilla,amrutha,Obstetrics,Pregnancy,moderate,44.42,2.416666667,42.0,,
Female,25.0,Siricilla,Arun,Obstetrics,Pregnancy,moderate,423.0,74.0,0.0,,
Male,25.0,Narayanpet,Rakesh,Orthopedics,Fracture,moderate,282.0,0.0,280.0,,
Female,3.0,Kamareddy,aditya,Orthopedics,Fracture,moderate,180.6,14.0,0.0,,
Male,66.0,Siricilla,mani,Dermatology,Skin related,emergency,44.42,6.0,0.0,,
Female,66.0,Siricilla,vikrant,Dermatology,Skin related,emergency,44.42,0.0,42.0,,
Male,46.0,Narayanpet,aditya,Orthopedics,Fracture,moderate,423.0,0.0,390.0,,
Male,8.0,Narayanpet,Rakesh,Orthopedics,Fracture,moderate,554.75,49.0,0.0,,
Female,66.0,Siricilla,vikrant,Dermatology,Skin related,emergency,88.33,5.333333333,83.0,,
Female,25.0,Siricilla,Arun,Obstetrics,Pregnancy,moderate,17.67,0.666666667,17.0,,
Male,24.0,Siricilla,Rakesh,Orthopedics,Fracture,moderate,62.44,9.0,0.0,,
Female,24.0,Siricilla,Sunitha,Obstetrics,Pregnancy,moderate,53.0,0.0,50.0,,
Male,8.0,Kamareddy,ridhi shah,Urology,Chronic kidney disease,moderate,134.0,0.0,113.0,,
Male,11.0,Karimnagar,aditya,Orthopedics,Fracture,moderate,423.0,26.0,0.0,,
Male,66.0,Siricilla,mani,Dermatology,Skin related,emergency,17.77,0.0,16.0,,
Female,66.0,Siricilla,mani,Dermatology,Skin related,emergency,26.65,4.0,0.0,,
Male,66.0,Siricilla,vikrant,Dermatology,Skin related,emergency,70.67,0.0,67.0,,
Female,26.0,Siricilla,Sunitha,Obstetrics,Pregnancy,moderate,88.33,0.0,85.0,,
Female,27.0,Karimnagar,Rakesh,Orthopedics,Fracture,moderate,402.0,0.0,338.0,,
Male,19.0,Hyderabad,mani,Dermatology,Skin related,moderate,541.8,409.8,132.0,,
Female,48.0,Nalgonda,aditya,Orthopedics,Fracture,moderate,141.0,18.0,0.0,,
Male,68.0,Kamareddy,Rakesh,Orthopedics,Fracture,emergency,25.45,0.0,25.0,,
Female,84.0,Sangareddy,vikrant,Dermatology,Skin related,emergency,148.06,139.0588235,9.0,,
Male,56.0,Karimnagar,Rakesh,Orthopedics,Fracture,moderate,423.0,79.0,0.0,,
Female,63.0,Kamareddy,aditya,Orthopedics,Fracture,emergency,177.5,30.5,147.0,,
Male,84.0,Sangareddy,mani,Dermatology,Skin related,emergency,2413.5,1617.5,796.0,,
Female,15.0,Khammam,Lata,Psychiatry,Anxiety,minor,59.04,8.0,0.0,,
Male,77.0,Khammam,Rakesh,Orthopedics,Fracture,moderate,7.07,1.0,0.0,,
Female,77.0,Khammam,aditya,Orthopedics,Fracture,moderate,10.6,0.0,10.0,,
Male,0.0,Karimnagar,Rakesh,Orthopedics,Fracture,minor,2219.0,191.0,2028.0,,
Female,77.0,Khammam,aditya,Orthopedics,Fracture,moderate,57.6,0.0,52.0,,
Male,77.0,Khammam,Rakesh,Orthopedics,Fracture,moderate,38.4,2.4,36.0,,
Female,84.0,Hyderabad,aditya,Orthopedics,Fracture,moderate,268.0,8.0,260.0,,
Male,35.0,Kamareddy,Rakesh,Orthopedics,Fracture,minor,423.0,54.0,0.0,,
Female,83.0,Suryapet,aditya,Orthopedics,Fracture,moderate,141.0,5.0,136.0,,
Male,37.0,Hyderabad,Rakesh,Orthopedics,Fracture,minor,670.5,58.5,612.0,,
Female,37.0,Hyderabad,aditya,Orthopedics,Fracture,minor,4023.0,126.0,3897.0,,
Male,69.0,Nalgonda,Rakesh,Orthopedics,General Medical Checkup,moderate,180.6,8.6,172.0,,
Female,77.0,Khammam,aditya,Orthopedics,Fracture,moderate,116.0,6.0,110.0,,
Male,77.0,Khammam,Rakesh,Orthopedics,Fracture,moderate,92.8,5.8,87.0,,
Female,46.0,Hyderabad,aditya,Orthopedics,Fracture,moderate,423.0,0.0,344.0,,
Female,29.0,Sangareddy,aditya,Orthopedics,Fracture,minor,282.0,27.0,0.0,,
Male,57.0,Narayanpet,Kapil,General,Fever,moderate,141.0,8.0,133.0,,
Female,18.0,Hyderabad,Rakesh,Orthopedics,Fracture,moderate,423.0,75.0,0.0,,
Male,38.0,Gajwel,Sandeep,General,Fever,minor,128.4,12.4,116.0,,
Female,23.0,Warangal,Sonam,Obstetrics,Pregnancy,minor,33.33,0.0,28.0,,
Male,59.0,Nalgonda,Sridhar,General,General Medical Checkup,moderate,59.04,0.0,55.0,,
Female,4.0,Sangareddy,mani,Dermatology,Skin related,minor,53.33,8.333333333,45.0,,
Female,89.0,Narayanpet,Sridhar,General,General Medical Checkup,moderate,47.4,3.0,0.0,,
Male,85.0,Karimnagar,Sandeep,General,Fever,moderate,99.5,16.0,0.0,,
Female,4.0,Sangareddy,vikrant,Dermatology,Skin related,minor,17.0,3.0,14.0,,
Female,45.0,Narayanpet,mani,Dermatology,Skin related,moderate,4.88,1.884615385,3.0,,
Female,31.0,Karimnagar,vikrant,Dermatology,Skin related,minor,106.67,17.66666667,89.0,,
Female,59.0,Nalgonda,mani,Dermatology,Skin related,moderate,11.83,0.833333333,11.0,,
Male,59.0,Nalgonda,Sonam,Obstetrics,General Medical Checkup,moderate,13.54,0.53571423,13.0,,
Female,42.0,Gajwel,Sandeep,General,Fever,minor,11.11,2.0,0.0,,
Female,31.0,Kamareddy,Sridhar,General,"Injury, unspecified",minor,8.97,1.0,0.0,,
Female,30.0,Narayanpet,Sunitha,Obstetrics,Pregnancy,minor,32.48,5.48,27.0,,
Male,31.0,Karimnagar,vikrant,Dermatology,Skin related,minor,64.71,9.714285714,55.0,,
Female,30.0,Narayanpet,Sunitha,Obstetrics,Pregnancy,minor,80.64,12.0,0.0,,
Female,30.0,Narayanpet,Sonam,Obstetrics,Pregnancy,minor,32.5,6.5,26.0,,
Male,88.0,Sangareddy,mani,Dermatology,Skin related,moderate,50.71,10.0,0.0,,
Male,4.0,Sangareddy,vikrant,Dermatology,Skin related,minor,123.0,22.0,101.0,,
Female,66.0,Kamareddy,mani,Dermatology,Skin related,moderate,390.29,75.28571429,315.0,,
Female,31.0,Kamareddy,Sandeep,General,"Injury, unspecified",minor,121.5,18.5,103.0,,
Female,12.0,Sangareddy,vikrant,Dermatology,Skin related,minor,5.54,0.537037037,5.0,,
Female,4.0,Sangareddy,mani,Dermatology,Skin related,minor,108.27,0.0,91.0,,
Male,59.0,Nalgonda,vikrant,Dermatology,Skin related,moderate,30.48,0.0,28.0,,
Female,60.0,Karimnagar,mani,Dermatology,Skin related,moderate,531.26,80.0,0.0,,
Male,4.0,Sangareddy,vikrant,Dermatology,Skin related,minor,26.63,4.0,0.0,,
Male,89.0,Narayanpet,Mahesh,Radiology,General Medical Checkup,moderate,18.57,0.571428571,18.0,,
Female,59.0,Nalgonda,Mahesh,Radiology,General Medical Checkup,moderate,47.4,0.0,45.0,,
Male,89.0,Narayanpet,Mahesh,Radiology,General Medical Checkup,moderate,88.56,5.56,83.0,,
Male,23.0,Siricilla,vikrant,Dermatology,Skin related,minor,34.0,6.0,0.0,,
Male,61.0,Siricilla,Rakesh,Orthopedics,Fracture,moderate,1173.38,168.0,0.0,,
Male,15.0,Khammam,Lata,Psychiatry,Anxiety,minor,21.07,2.071428571,19.0,,
Female,68.0,Kamareddy,aditya,Orthopedics,Fracture,moderate,798.33,59.33333333,739.0,,
Female,84.0,Sangareddy,vikrant,Dermatology,Skin related,moderate,18.82,0.0,4.0,,
Male,15.0,Khammam,Lata,Psychiatry,Anxiety,minor,97.44,3.44,94.0,,
Female,25.0,Warangal,amrutha,Obstetrics,Pregnancy,minor,263.48,206.4814815,57.0,,
Female,61.0,Siricilla,aditya,Orthopedics,Fracture,moderate,62.44,9.0,0.0,,
Male,84.0,Sangareddy,vikrant,Dermatology,Skin related,moderate,148.06,24.05882353,124.0,,
Female,68.0,Kamareddy,Rakesh,Orthopedics,Fracture,moderate,50.91,5.0,0.0,,
Male,63.0,Kamareddy,Rakesh,Orthopedics,Fracture,moderate,44.38,0.0,36.0,,
Female,84.0,Sangareddy,mani,Dermatology,Skin related,moderate,2413.5,800.5,1613.0,,
Male,15.0,Khammam,Lata,Psychiatry,Anxiety,minor,29.52,0.52,29.0,,
Male,68.0,Kamareddy,Rakesh,Orthopedics,Fracture,moderate,76.71,0.0,75.0,,
Female,61.0,Siricilla,aditya,Orthopedics,Fracture,moderate,241.46,10.45833333,231.0,,
Male,84.0,Sangareddy,mani,Dermatology,Skin related,moderate,1.72,1.0,0.0,,
Male,85.0,Karimnagar,Sridhar,General,Fever,moderate,102.83,0.0,30.0,,
Female,32.0,Karimnagar,Arun,Obstetrics,Pregnancy,minor,24.68,0.684210526,24.0,,
Female,33.0,Warangal,Arun,Obstetrics,Pregnancy,minor,66.21,10.0,0.0,,
Female,33.0,Karimnagar,amrutha,Obstetrics,Pregnancy,minor,34.8,0.8,34.0,,
Male,60.0,Kamareddy,Sandeep,General,Fever,moderate,63.88,1.875,62.0,,
Female,50.0,Narayanpet,Kapil,General,Fever,moderate,98.33,0.0,82.0,,
Female,32.0,Karimnagar,Sonam,Obstetrics,Pregnancy,minor,21.09,1.08571423,20.0,,
Male,12.0,Karimnagar,Kapil,General,"Injury, unspecified",minor,8.88,1.0,0.0,,
Male,42.0,Gajwel,Sridhar,General,Fever,minor,66.21,20.20833333,46.0,,
Male,74.0,Kamareddy,mani,Dermatology,Skin related,moderate,745.09,263.0909091,482.0,,
Male,16.0,Kamareddy,Mahesh,Radiology,Fever,minor,548.5,31.0,0.0,,
Female,27.0,Khammam,Sunitha,Obstetrics,Pregnancy,minor,2.01,0.0,1.0,,
Female,28.0,Karimnagar,Arun,Obstetrics,Pregnancy,minor,46.18,2.175,44.0,,
Male,16.0,Kamareddy,Sridhar,General,Fever,minor,45.33,18.33333333,27.0,,
Male,16.0,Kamareddy,Sandeep,General,Fever,minor,163.17,0.0,104.0,,
Male,47.0,Kamareddy,mani,Dermatology,Skin related,moderate,162.4,6.4,156.0,,
Male,47.0,Kamareddy,vikrant,Dermatology,Skin related,moderate,88.56,0.0,81.0,,
Male,10.0,Nalgonda,Rakesh,Orthopedics,Fever,minor,1384.38,172.0,0.0,,
Male,84.0,Sangareddy,ridhi shah,Urology,Chronic kidney disease,moderate,87.52,0.0,49.0,,
Male,89.0,Gajwel,ridhi shah,Urology,Chronic kidney disease,moderate,18.52,10.51923077,8.0,,
Male,47.0,Kamareddy,vikrant,Dermatology,Skin related,moderate,16.0,0.0,16.0,,
Male,71.0,Nalgonda,Kapil,General,General Medical Checkup,moderate,14.81,0.0,4.0,,
Female,27.0,Siricilla,Sunitha,Obstetrics,Pregnancy,minor,13.89,0.890909091,13.0,,
Female,28.0,Siricilla,Sunitha,Obstetrics,Pregnancy,minor,82.0,7.0,0.0,,
Female,28.0,Siricilla,Sonam,Obstetrics,Pregnancy,minor,117.75,23.0,0.0,,
Female,35.0,Siricilla,Sonam,Obstetrics,Pregnancy,emergency,18.04,2.0,0.0,,
Female,27.0,Siricilla,amrutha,Obstetrics,Pregnancy,emergency,67.4,11.0,0.0,,
Male,10.0,Nalgonda,Sandeep,General,Fever,minor,15.33,1.0,0.0,,
Male,73.0,Gajwel,Sandeep,General,General Medical Checkup,moderate,49.2,5.0,0.0,,
Male,9.0,Narayanpet,Sridhar,General,Fever,minor,89.6,13.6,76.0,,
Male,57.0,Suryapet,Sridhar,General,General Medical Checkup,moderate,98.4,18.4,80.0,,
Male,41.0,Suryapet,Kapil,General,General Medical Checkup,minor,49.2,8.2,41.0,,
Female,29.0,Siricilla,Sonam,Obstetrics,Pregnancy,moderate,18.04,1.044444444,17.0,,
Male,73.0,Gajwel,ridhi shah,Urology,General Medical Checkup,moderate,47.4,3.0,0.0,,
Female,27.0,Siricilla,amrutha,Obstetrics,Pregnancy,emergency,33.7,4.0,0.0,,
Female,27.0,Siricilla,amrutha,Obstetrics,Pregnancy,emergency,78.5,0.0,73.0,,
Male,44.0,Hyderabad,Sandeep,General,Fever,minor,68.67,10.66666667,58.0,,
Male,17.0,Khammam,vikrant,Dermatology,Skin related,minor,8.04,1.0,0.0,,
Male,41.0,Suryapet,ridhi shah,Urology,Chronic kidney disease,minor,270.67,47.66666667,223.0,,
Male,38.0,Gajwel,Sandeep,General,Fever,minor,128.4,0.0,124.0,,
Female,22.0,Karimnagar,Sonam,Obstetrics,Pregnancy,minor,46.18,0.0,43.0,,
Female,22.0,Siricilla,amrutha,Obstetrics,Pregnancy,minor,32.8,2.8,30.0,,
Male,25.0,Narayanpet,Kapil,General,General Medical Checkup,minor,224.0,41.0,183.0,,
Female,30.0,Suryapet,Arun,Obstetrics,Pregnancy,minor,15.8,3.0,0.0,,
Female,23.0,Karimnagar,Arun,Obstetrics,Pregnancy,minor,11.6,0.0,11.0,,
Male,12.0,Karimnagar,Sridhar,General,"Injury, unspecified",minor,24.68,0.684210526,24.0,,
Female,29.0,Nalgonda,Sunitha,Obstetrics,Pregnancy,minor,246.0,49.0,197.0,,
Female,30.0,Suryapet,amrutha,Obstetrics,Pregnancy,minor,27.47,0.0,23.0,,
Male,25.0,Narayanpet,Mahesh,Radiology,General Medical Checkup,minor,216.53,33.53333333,183.0,,
Male,12.0,Karimnagar,Kapil,General,"Injury, unspecified",minor,21.09,2.0,0.0,,
Female,22.0,Karimnagar,Sonam,Obstetrics,Pregnancy,minor,5.92,1.0,0.0,,
Male,57.0,Suryapet,Mahesh,Radiology,General Medical Checkup,moderate,15.8,2.8,13.0,,
Male,39.0,Nalgonda,Sandeep,General,Fever,minor,54.13,8.133333333,46.0,,
Male,9.0,Narayanpet,Sridhar,General,Fever,moderate,31.6,0.0,26.0,,
Female,24.0,Siricilla,Arun,Obstetrics,Pregnancy,moderate,41.67,2.672727273,39.0,,
Male,4.0,Hyderabad,Ganesh,Pediatrics,Fever,minor,216.53,39.53333333,177.0,,
Male,71.0,Nalgonda,Mahesh,Radiology,General Medical Checkup,moderate,14.81,4.807692308,10.0,,
Male,47.0,Kamareddy,vikrant,Dermatology,Skin related,moderate,4.0,1.0,0.0,,
Male,84.0,Sangareddy,ridhi shah,Urology,Chronic kidney disease,moderate,65.64,12.64,53.0,,
Male,12.0,Sangareddy,mani,Dermatology,Skin related,minor,16.61,2.0,0.0,,
Male,89.0,Gajwel,ridhi shah,Urology,Chronic kidney disease,moderate,6.17,1.173076923,5.0,,
Female,23.0,Siricilla,Arun,Obstetrics,Pregnancy,minor,67.4,4.4,63.0,,
Male,66.0,Siricilla,vikrant,Dermatology,Skin related,moderate,35.33,0.0,34.0,,
Male,66.0,Siricilla,vikrant,Dermatology,Skin related,moderate,44.42,4.416666667,40.0,,
Male,66.0,Siricilla,mani,Dermatology,Skin related,moderate,44.42,1.416666667,43.0,,
Male,66.0,Siricilla,mani,Dermatology,Skin related,moderate,53.0,4.0,49.0,,
Female,23.0,Siricilla,Arun,Obstetrics,Pregnancy,minor,26.65,5.0,0.0,,
Female,24.0,Siricilla,amrutha,Obstetrics,Pregnancy,minor,35.33,4.0,0.0,,
Male,77.0,Khammam,Rakesh,Orthopedics,Fracture,moderate,7.07,0.0,7.0,,
Male,77.0,Khammam,aditya,Orthopedics,Fracture,moderate,3.53,-0.466666667,4.0,,
Male,73.0,Gajwel,ridhi shah,Urology,Chronic kidney disease,moderate,63.2,12.2,51.0,,
Male,9.0,Narayanpet,aditya,Orthopedics,Fracture,minor,31.6,5.6,26.0,,
Female,21.0,Siricilla,Sonam,Obstetrics,Pregnancy,minor,50.55,2.55,48.0,,
Male,44.0,Hyderabad,Kapil,General,Fever,minor,270.67,0.0,218.0,,
Male,73.0,Gajwel,ridhi shah,Urology,Chronic kidney disease,moderate,196.8,25.0,0.0,,
Male,41.0,Suryapet,ridhi shah,Urology,Chronic kidney disease,minor,246.0,41.0,205.0,,
Male,6.0,Suryapet,aditya,Pediatrics,Fever,minor,49.2,9.2,40.0,,
Male,9.0,Narayanpet,Rakesh,Orthopedics,Fracture,minor,179.2,35.2,144.0,,
Male,41.0,Suryapet,ridhi shah,Urology,Chronic kidney disease,minor,108.27,17.26666667,91.0,,
Male,8.0,Hyderabad,Rakesh,Pediatrics,Fever,minor,41.2,6.2,35.0,,
Male,9.0,Suryapet,aditya,Pediatrics,Fever,minor,31.6,5.6,26.0,,
Male,6.0,Nalgonda,Rakesh,Pediatrics,Fever,minor,54.13,9.133333333,45.0,,
Male,25.0,Narayanpet,Sonam,Obstetrics,Fever,minor,108.27,17.26666667,91.0,,
Male,30.0,Suryapet,Sunitha,Obstetrics,Fever,minor,54.93,9.933333333,45.0,,
Male,25.0,Narayanpet,amrutha,Obstetrics,Fever,minor,44.8,3.0,0.0,,
Male,3.0,Nalgonda,aditya,Pediatrics,Fever,minor,246.0,39.0,207.0,,
Male,30.0,Suryapet,Arun,Obstetrics,Fever,minor,63.2,10.2,53.0,,
Male,88.0,Sangareddy,amrutha,Obstetrics,"Injury, unspecified",moderate,196.8,32.8,164.0,,
Male,68.0,Sangareddy,Rakesh,Orthopedics,Fracture,moderate,42.13,8.0,0.0,,
Female,28.0,Karimnagar,ridhi shah,Urology,Chronic kidney disease,minor,158.9,8.9,150.0,,
Female,1.0,Karimnagar,Lata,Psychiatry,Anxiety,minor,31.6,4.0,0.0,,
Male,59.0,Hyderabad,Lata,Psychiatry,Anxiety,moderate,10.3,0.0,10.0,,
Male,87.0,Kamareddy,Lata,Psychiatry,Anxiety,moderate,27.07,4.0,0.0,,
Female,26.0,Hyderabad,Arun,Obstetrics,Pregnancy,minor,75.8,2.8,73.0,,
Male,65.0,Kamareddy,ridhi shah,Urology,Chronic kidney disease,moderate,179.2,0.0,169.0,,
Male,17.0,Khammam,Mahesh,Radiology,Fever,minor,94.08,0.08,94.0,,
Male,38.0,Nalgonda,mani,Dermatology,Skin related,minor,153.63,21.0,0.0,,
Male,20.0,Karimnagar,amrutha,Obstetrics,General Medical Checkup,minor,270.67,6.666666667,264.0,,
Male,61.0,Gajwel,Lata,Psychiatry,Anxiety,moderate,63.2,4.0,0.0,,
Female,30.0,Siricilla,Arun,Obstetrics,Pregnancy,minor,158.9,5.9,153.0,,
Male,87.0,Siricilla,vikrant,Dermatology,Skin related,moderate,64.0,3.0,61.0,,
Male,77.0,Sangareddy,Lata,Psychiatry,Anxiety,moderate,89.6,17.6,72.0,,
Male,40.0,Narayanpet,mani,Dermatology,Skin related,minor,82.6,1.6,81.0,,
Male,14.0,Nalgonda,Lata,Psychiatry,Anxiety,minor,98.4,13.0,0.0,,
Male,65.0,Karimnagar,Lata,Psychiatry,Anxiety,moderate,42.13,0.0,38.0,,
Male,90.0,Nalgonda,Sandeep,General,Fever,moderate,1661.26,0.0,1522.0,,
Male,25.0,Sangareddy,ridhi shah,Urology,Chronic kidney disease,minor,184.25,33.0,0.0,,
Male,59.0,Suryapet,Lata,Psychiatry,Anxiety,moderate,108.27,0.0,100.0,,
Female,24.0,Warangal,Sunitha,Obstetrics,Pregnancy,minor,17.33,1.333333333,16.0,,
Male,80.0,Narayanpet,Lata,Psychiatry,Anxiety,moderate,108.27,21.26666667,87.0,,
Male,33.0,Karimnagar,Sridhar,General,General Medical Checkup,minor,23.7,1.7,22.0,,
Male,35.0,Karimnagar,vikrant,Dermatology,Skin related,minor,35.5,3.5,32.0,,
Male,73.0,Hyderabad,Kapil,General,General Medical Checkup,moderate,108.27,0.0,108.0,,
Female,2.0,Siricilla,Lata,Psychiatry,Anxiety,minor,15.8,3.0,0.0,,
Male,79.0,Warangal,Sonam,Obstetrics,General Medical Checkup,moderate,28.1,1.1,27.0,,
Male,85.0,Suryapet,Lata,Psychiatry,Anxiety,moderate,172.95,4.95,168.0,,
Female,17.0,Narayanpet,ridhi shah,Urology,General Medical Checkup,minor,147.6,23.6,124.0,,
Male,35.0,Kamareddy,Mahesh,Radiology,Fever,minor,51.1,8.0,0.0,,
Male,73.0,Suryapet,Mahesh,Radiology,Fever,moderate,277.38,22.375,255.0,,
male,21.0,suryapret,nani,surgeon,accident,low,2000.0,0.0,2000.0,,
male,21.0,near golconda,nani,general,fever,moderate,20000.0,0.0,20000.0,,
male,21.0,near golconda,nani,general,fever,moderate,20000.0,0.0,20000.0,,
male,23.0,hyderabad,remo,general,fever,low,10000.0,0.0,10000.0,,
female,23.0,hyderabad,remo,general,fever,low,10000.0,0.0,10000.0,,
male,22.0,nalgonda,deepak,nuerology,brain tomour,low,20000.0,2000.0,20000.0,,
Male,23.0,hyderabad,gajini,psychirotist,memoery loss,high,2000.0,0.0,2000.0,,
male,23.0,kodad,sadeepak,general,"fever,cold",low,1000.0,0.0,1000.0,,
,,,,,,,,,,,
,,,,,,,,,,,
Female,19.0,hyderabad,roopa,ent,ear pain,low,12000.0,1000.0,11000.0,,
male,35.0,hyderabad,jayashree,ent,ear pain,low,10000.0,1000.0,9000.0,,
,,,,,,,,,,,
Male,23.0,Hyderabad,remo,general,fever,low,200.0,0.0,200.0,06-06-2024,06-06-2024
Female,23.0,Hyderabad,remo,General,Malaria,moderate,52000.0,2000.0,50000.0,2024/06/27,2024/06/28
Female,32.0,Suryapet,remo,general,Malaria,moderate,33300.0,3300.0,30000.0,2024-06-12,2024-06-27
Male,26.0,Khammam,remo,General,Dengue,moderate,15000.0,10000.0,5000.0,2024-05-24,2024-06-02
Male,26.0,Khammam,remo,General,Dengue,moderate,15000.0,10000.0,5000.0,2024-05-24,2024-06-02
Female,38.0,Karimnagar,remo,General,Malaria,high,40000.0,0.0,40000.0,2024-05-19,2024-06-01
Male,28.0,Hyderabad,remo,General,"Fever,cold",High,10000.0,2000.0,8000.0,2024-04-17,2024-05-14
Male,28.0,Hyderabad,remo,General,"Fever,cold",High,10000.0,2000.0,8000.0,2024-04-17,2024-05-14
Female,29,Karimnagar,Deepak,Neurology,Brain tumour,High,20000,0,20000,2024-02-15,2024-03-13
